thrds,tps,qps,99% latency
64,4752.44,76039.24,19.65
64,4630.33,74084.25,19.29
64,4630.69,74083.64,19.29
64,4636.31,74193.79,19.29
64,4623.16,73958.61,20.00
64,4625.53,74010.95,19.29
64,4629.94,74090.58,19.29
64,4632.73,74108.66,19.29
64,4626.27,74036.74,19.29
64,4628.63,74054.85,19.29
64,4629.64,74086.19,18.95
64,4630.78,74075.05,19.29
64,4627.19,74041.60,19.29
64,4628.70,74053.98,18.61
64,4628.71,74065.33,17.95
64,4615.50,73846.57,20.00
64,4628.68,74064.14,19.65
64,4633.43,74120.49,18.95
64,4609.01,73753.52,20.00
64,4598.56,73567.51,20.74
64,4633.25,74145.78,19.29
64,4631.95,74107.94,19.29
64,4629.39,74060.71,19.29
64,4621.03,73947.14,19.29
64,4625.22,73987.98,18.95
64,4630.13,74099.25,20.00
64,4633.45,74116.88,19.29
64,4624.61,74014.89,19.29
64,4629.13,74058.03,19.29
64,4629.24,74065.22,19.29
64,4620.34,73932.71,18.95
64,4625.27,73996.04,19.29
64,4634.78,74152.94,19.29
64,4616.96,73874.29,19.29
64,4625.82,74011.09,19.29
64,4612.85,73817.84,19.65
64,4629.21,74055.63,19.29
64,4625.99,74023.11,19.29
64,4619.77,73909.74,20.00
64,4603.20,73654.41,20.00
64,4610.22,73765.11,18.61
64,4628.42,74047.77,18.95
64,4622.55,73976.95,18.61
64,4616.21,73842.31,18.95
64,4613.01,73818.55,18.95
64,4630.44,74081.04,18.95
64,4618.77,73901.72,18.61
64,4600.98,73625.12,19.29
64,4618.61,73892.14,18.95
64,4618.44,73894.82,18.61
64,4615.73,73856.27,19.29
64,4615.77,73841.16,18.95
64,4607.40,73713.15,18.95
64,4611.43,73795.03,18.95
64,4612.60,73802.07,18.61
64,4594.57,73500.72,19.29
64,4604.43,73678.87,18.95
64,4617.79,73891.01,18.61
64,4594.18,73504.64,18.95
64,4587.64,73393.42,18.61
64,4604.77,73687.50,18.28
64,4603.81,73663.24,18.28
64,4596.22,73527.15,18.95
64,4598.61,73589.13,18.61
64,4607.04,73696.44,18.61
64,4594.53,73526.27,18.61
64,4601.87,73608.17,18.61
64,4615.93,73875.42,18.28
64,4610.38,73758.53,18.28
64,4617.64,73885.71,18.28
64,4609.28,73748.09,18.28
64,4620.93,73935.24,18.28
64,4608.37,73736.07,18.28
64,4609.59,73745.68,18.28
64,4602.80,73651.25,18.28
64,4608.79,73744.98,18.28
64,4610.01,73754.59,18.28
64,4615.59,73849.11,18.28
64,4612.40,73796.73,18.28
64,4617.03,73882.26,18.28
64,4610.59,73764.18,18.28
64,4605.00,73670.98,18.28
64,4611.61,73797.03,18.28
64,4623.99,73961.64,18.28
64,4612.26,73817.69,18.28
64,4609.32,73742.48,18.28
64,4621.53,73954.62,18.28
64,4610.33,73755.27,18.28
64,4605.05,73696.36,18.61
64,4615.71,73841.91,18.28
64,4613.28,73804.23,18.28
64,4614.09,73831.41,18.28
64,4615.29,73842.01,18.28
64,4621.02,73931.67,18.28
64,4608.79,73738.28,18.28
64,4606.23,73702.28,18.61
64,4612.18,73801.06,18.61
64,4611.00,73763.53,18.61
64,4599.56,73610.59,18.28
64,4609.98,73747.73,18.28
64,4620.17,73932.75,18.28
64,4602.12,73621.51,18.28
64,4613.75,73820.37,18.61
64,4610.57,73778.11,18.28
64,4608.32,73721.18,18.28
64,4619.32,73914.64,18.28
64,4603.50,73667.07,18.28
64,4617.32,73876.12,18.28
64,4613.81,73804.91,18.28
64,4611.80,73803.07,18.28
64,4609.14,73742.86,18.28
64,4613.05,73805.04,18.28
64,4601.38,73624.49,18.28
64,4615.23,73843.94,18.61
64,4613.12,73799.96,18.28
64,4611.60,73810.42,18.28
64,4614.85,73816.25,18.28
64,4606.99,73716.48,18.28
64,4610.63,73776.22,18.28
64,4603.99,73659.43,18.28
64,4622.75,73971.36,18.28
64,4607.88,73718.43,18.28
64,4607.15,73719.33,18.28
64,4614.43,73827.95,18.28
64,4608.61,73740.30,18.28
64,4613.38,73815.85,18.28
64,4605.38,73691.30,18.28
64,4607.78,73715.72,18.28
64,4613.27,73806.10,18.28
64,4609.36,73756.72,18.28
64,4605.97,73690.34,18.28
64,4614.06,73830.49,18.28
64,4606.59,73694.30,18.28
64,4608.58,73752.42,18.28
64,4611.01,73765.11,18.28
64,4619.39,73907.27,18.28
64,4604.97,73697.92,18.61
64,4596.99,73536.45,18.28
64,4630.27,74094.54,18.28
64,4609.76,73752.41,18.28
64,4610.03,73761.62,18.28
64,4602.60,73636.32,18.28
64,4610.01,73757.09,18.28
64,4605.58,73704.12,18.61
64,4602.56,73627.41,18.28
64,4602.22,73645.34,18.28
64,4611.03,73772.62,18.28
64,4608.61,73736.61,18.28
64,4610.97,73772.12,18.61
64,4617.45,73882.53,18.28
64,4602.71,73642.69,18.28
64,4611.58,73785.81,18.28
64,4612.59,73795.06,18.28
64,4600.65,73618.96,18.61
64,4619.78,73918.02,18.28
64,4606.01,73686.72,18.28
64,4610.19,73768.28,18.28
64,4615.61,73837.17,18.28
64,4610.61,73780.00,18.28
64,4615.78,73851.05,18.28
64,4610.40,73757.67,18.61
64,4613.63,73824.01,18.28
64,4619.72,73921.53,18.28
64,4607.65,73723.68,18.28
64,4608.80,73741.03,18.28
64,4602.19,73627.23,18.61
64,4612.02,73805.52,18.28
64,4610.80,73767.23,18.28
64,4616.05,73845.81,18.28
64,4615.99,73856.87,18.28
64,4610.39,73772.04,18.28
64,4614.00,73827.98,18.28
64,4606.99,73723.17,18.28
64,4615.95,73855.32,18.61
64,4602.67,73628.51,18.61
64,4602.58,73654.14,18.28
64,4614.15,73813.61,18.28
64,4618.24,73881.18,18.28
64,4605.81,73718.22,18.28
64,4612.39,73785.28,18.28
64,4610.88,73768.29,18.28
64,4605.93,73699.85,18.61
64,4611.98,73796.21,18.28
64,4610.75,73770.07,18.28
64,4609.80,73742.00,18.28
64,4616.03,73863.20,18.28
64,4616.63,73861.28,18.61
64,4606.46,73709.70,18.61
64,4603.89,73659.62,18.61
64,4616.04,73861.47,18.28
64,4600.02,73603.47,18.28
64,4615.38,73843.41,18.28
64,4606.42,73715.13,18.28
64,4615.00,73829.23,18.28
64,4609.58,73763.88,18.28
64,4605.01,73681.13,18.61
64,4614.59,73827.85,18.28
64,4615.78,73839.30,18.28
64,4599.02,73594.38,18.28
64,4612.74,73807.90,18.61
64,4611.84,73785.71,18.28
64,4606.96,73712.72,18.28
64,4607.25,73717.05,18.61
64,4611.19,73774.38,18.28
64,4607.00,73715.92,18.28
64,4613.55,73805.01,18.28
64,4604.88,73698.31,18.28
64,4615.82,73838.87,18.28
64,4615.77,73849.56,18.28
64,4611.05,73788.15,18.28
64,4615.82,73845.56,18.28
64,4614.58,73834.02,18.28
64,4612.77,73797.88,18.28
64,4611.26,73775.93,18.28
64,4604.98,73677.21,18.28
64,4607.55,73731.27,18.28
64,4614.50,73830.21,18.28
64,4613.33,73813.31,18.28
64,4609.85,73757.21,18.28
64,4614.58,73837.74,18.28
64,4599.41,73587.77,18.61
64,4617.83,73883.04,18.61
64,4628.15,74059.22,18.28
64,4604.39,73670.80,18.28
64,4602.99,73647.59,18.28
64,4606.82,73708.54,18.28
64,4602.81,73634.81,18.28
64,4613.82,73827.96,18.28
64,4623.50,73988.21,18.28
64,4615.38,73832.47,18.61
64,4612.04,73785.89,18.61
64,4614.47,73835.32,18.28
64,4600.71,73610.89,18.28
64,4607.01,73716.55,18.28
64,4617.99,73885.48,18.28
64,4609.80,73754.45,18.28
64,4591.01,73453.14,18.61
64,4610.40,73777.36,18.61
64,4605.05,73673.05,18.61
64,4608.84,73733.43,18.28
64,4607.57,73729.93,18.28
64,4615.00,73846.78,18.28
64,4603.96,73660.52,18.28
64,4612.58,73805.28,18.28
64,4601.22,73610.25,18.61
64,4615.33,73846.76,18.28
64,4607.70,73716.67,18.28
64,4617.64,73887.62,18.28
64,4612.18,73797.70,18.28
64,4609.92,73755.28,18.61
64,4617.24,73901.69,18.28
64,4619.61,73889.10,18.28
64,4605.84,73691.70,18.28
64,4609.70,73762.02,18.28
64,4609.02,73748.47,18.28
64,4611.96,73787.23,18.28
64,4611.87,73801.12,18.28
64,4606.61,73708.74,18.28
64,4612.05,73783.59,18.28
64,4605.79,73695.05,18.28
64,4619.30,73908.86,18.28
64,4617.48,73875.65,18.28
64,4619.81,73922.18,18.28
64,4617.38,73867.41,18.28
64,4613.97,73823.75,18.28
64,4607.59,73720.98,18.28
64,4610.82,73780.34,18.28
64,4607.15,73708.86,18.28
64,4622.10,73940.60,18.28
64,4619.55,73916.96,18.61
64,4618.04,73901.81,18.28
64,4619.71,73898.91,18.28
64,4612.25,73812.22,18.28
64,4617.57,73884.38,18.28
64,4605.45,73686.14,18.61
64,4613.13,73800.04,18.28
64,4613.48,73810.72,18.28
64,4604.17,73675.87,18.28
64,4610.84,73767.04,18.28
64,4617.17,73878.88,18.28
64,4613.03,73817.31,18.28
64,4608.80,73737.05,18.28
64,4606.74,73703.38,18.28
64,4619.65,73914.34,18.28
64,4610.54,73770.77,18.28
64,4603.50,73659.44,18.61
64,4614.70,73836.25,18.28
64,4615.62,73848.68,18.61
64,4611.21,73770.96,18.28
64,4617.20,73885.82,18.28
64,4610.60,73766.97,18.28
64,4622.77,73951.75,18.28
64,4613.00,73816.55,18.61
64,4603.01,73649.51,18.28
64,4613.61,73807.32,18.28
64,4609.40,73748.60,18.61
64,4604.02,73683.92,18.28
64,4610.54,73759.89,18.28
64,4609.61,73749.58,18.28
64,4604.43,73675.53,18.28
64,4609.68,73754.05,18.28
64,4605.78,73687.75,18.61
64,4601.19,73625.30,18.61
64,4610.79,73773.05,18.28
64,4615.03,73832.02,18.28
64,4606.12,73703.32,18.28
64,4601.39,73625.19,18.61
64,4617.01,73870.11,18.61
64,4614.03,73822.28,18.28
64,4605.79,73704.90,18.28
64,4616.65,73848.38,18.28
64,4611.82,73796.31,18.28
64,4609.12,73729.09,18.61
64,4612.57,73806.89,18.28
64,4607.51,73733.50,18.28
64,4612.97,73808.07,18.28
64,4614.57,73838.14,18.61
64,4609.98,73757.76,18.61
64,4609.04,73746.91,18.28
64,4598.07,73560.47,18.61
64,4602.15,73648.19,18.28
64,4621.75,73936.82,18.28
64,4597.85,73570.07,18.28
64,4608.77,73729.26,18.28
64,4611.83,73790.11,18.28
64,4625.22,74013.86,18.28
64,4613.03,73801.15,18.28
64,4609.88,73759.48,18.28
64,4619.81,73914.32,18.28
64,4605.26,73686.41,18.28
64,4607.65,73720.96,18.28
64,4610.34,73772.84,18.28
64,4608.02,73724.05,18.61
64,4589.18,73427.35,18.61
64,4616.96,73858.81,18.28
64,4606.38,73709.51,18.28
64,4610.80,73781.24,18.28
64,4619.20,73908.63,18.28
64,4619.99,73918.18,18.28
64,4623.03,73971.69,18.28
64,4601.67,73629.88,18.61
64,4608.59,73718.19,18.28
64,4612.84,73820.40,18.28
64,4610.28,73751.03,18.28
64,4616.67,73874.05,18.28
64,4607.62,73726.94,18.28
64,4614.55,73823.65,18.28
64,4610.85,73775.37,18.61
64,4613.59,73823.41,18.28
64,4609.61,73744.52,18.28
64,4617.22,73887.53,18.28
64,4601.55,73633.86,18.28
64,4618.42,73883.09,18.28
64,4613.59,73803.65,18.28
64,4620.00,73926.27,18.28
64,4617.36,73868.32,18.28
64,4618.21,73902.21,18.28
64,4602.80,73650.37,18.28
64,4614.17,73833.40,18.28
64,4607.02,73708.74,18.61
64,4612.80,73786.82,18.28
64,4608.24,73743.21,18.28
64,4619.11,73901.56,18.28
64,4615.78,73846.63,18.28
64,4613.33,73814.12,18.28
64,4618.79,73899.26,18.28
64,4611.82,73797.28,18.28
64,4622.97,73962.67,18.28
64,4613.39,73827.79,18.28
64,4612.54,73794.81,18.28
64,4617.21,73879.14,18.28
64,4613.85,73804.60,18.28
64,4606.80,73718.93,18.61
64,4610.04,73770.44,18.28
64,4605.73,73681.85,18.28
64,4624.57,73995.78,18.28
64,4595.04,73516.29,18.28
64,4611.09,73774.24,18.28
64,4610.71,73777.00,18.61
64,4615.02,73838.19,18.28
64,4606.74,73694.05,18.28
64,4619.02,73922.49,18.28
64,4601.00,73618.40,18.61
64,4604.57,73661.90,18.28
64,4610.23,73776.22,18.28
64,4600.96,73619.02,18.61
64,4612.23,73795.26,18.28
64,4605.42,73680.91,18.61
64,4615.78,73849.64,18.28
64,4612.71,73802.95,18.61
64,4614.15,73830.47,18.61
64,4607.39,73721.90,18.61
64,4616.35,73856.40,18.61
64,4598.27,73576.68,18.61
64,4616.63,73868.12,18.61
64,4609.41,73738.53,18.28
64,4597.76,73555.97,18.28
64,4610.60,73771.15,18.28
64,4612.39,73804.57,18.61
64,4616.86,73856.72,18.61
64,4608.70,73756.68,18.61
64,4606.87,73703.39,18.28
64,4606.83,73727.41,18.28
64,4608.94,73733.51,18.28
64,4609.65,73752.00,18.28
64,4608.09,73722.71,18.28
64,4602.71,73647.09,18.28
64,4619.40,73901.27,18.28
64,4602.99,73646.84,18.28
64,4604.73,73685.06,18.28
64,4620.26,73913.68,18.28
64,4605.13,73703.74,18.28
64,4609.07,73731.89,18.28
64,4600.84,73638.70,18.61
64,4614.56,73803.93,18.28
64,4608.20,73740.73,18.28
64,4610.18,73763.20,18.61
64,4613.61,73819.72,18.28
64,4606.79,73701.12,18.61
64,4613.39,73822.79,18.28
64,4610.74,73764.27,18.28
64,4617.70,73889.77,18.28
64,4615.16,73842.80,18.28
64,4621.02,73936.74,18.28
64,4605.41,73681.37,18.28
64,4606.98,73717.61,18.28
64,4604.42,73675.86,18.28
64,4608.83,73733.25,18.28
64,4611.60,73788.84,18.28
64,4613.21,73806.61,18.28
64,4607.89,73721.05,18.28
64,4609.19,73755.08,18.28
64,4615.80,73841.40,18.61
64,4609.43,73755.20,18.28
64,4614.39,73839.27,18.28
64,4606.74,73701.46,18.61
64,4602.04,73635.05,18.28
64,4616.15,73857.67,18.61
64,4613.06,73819.70,18.28
64,4616.97,73853.77,18.28
64,4612.82,73817.71,18.28
64,4610.49,73758.23,18.28
64,4607.41,73719.55,18.28
64,4602.15,73642.40,18.28
64,4611.46,73780.83,18.61
64,4599.86,73600.92,18.61
64,4626.44,74018.89,18.28
64,4612.39,73799.20,18.28
64,4611.07,73782.52,18.61
64,4614.80,73830.07,18.28
64,4611.59,73769.51,18.28
64,4609.63,73772.44,18.28
64,4616.87,73870.09,18.28
64,4602.75,73653.40,18.28
64,4613.13,73798.65,18.28
64,4606.86,73706.63,18.28
64,4608.60,73742.26,18.28
64,4602.60,73643.85,18.61
64,4616.75,73864.35,18.28
64,4618.84,73909.31,18.28
64,4620.57,73920.67,18.28
64,4613.32,73806.54,18.28
64,4615.01,73859.18,18.28
64,4619.20,73893.85,18.28
64,4617.64,73883.69,18.28
64,4619.25,73907.43,18.28
64,4610.48,73775.15,18.28
64,4615.27,73842.18,18.28
64,4608.45,73736.07,18.28
64,4605.68,73698.74,18.61
64,4620.98,73929.66,18.28
64,4608.24,73723.11,18.28
64,4620.05,73912.84,18.28
64,4607.18,73725.80,18.28
64,4616.19,73865.08,18.28
64,4612.82,73795.38,18.28
64,4607.80,73721.55,18.28
64,4611.23,73795.93,18.28
64,4621.75,73931.64,18.28
64,4612.82,73810.76,18.61
64,4611.61,73790.10,18.61
64,4608.21,73723.77,18.28
64,4607.17,73720.16,18.28
64,4609.63,73749.65,18.28
64,4611.20,73780.53,18.28
64,4619.19,73906.87,18.28
64,4609.32,73751.05,18.28
64,4604.01,73667.35,18.61
64,4615.41,73850.90,18.61
64,4617.24,73857.50,18.28
64,4614.85,73839.32,18.28
64,4610.56,73767.81,18.28
64,4600.92,73616.50,18.28
64,4618.03,73899.05,18.28
64,4606.09,73692.81,18.28
64,4615.99,73850.28,18.61
64,4614.52,73836.68,18.28
64,4608.22,73734.07,18.28
64,4606.44,73706.24,18.28
64,4618.34,73898.49,18.28
64,4617.21,73863.15,18.28
64,4625.59,74006.17,18.28
64,4612.39,73818.06,18.28
64,4614.40,73819.75,18.28
64,4611.20,73782.53,18.28
64,4614.94,73833.64,18.61
64,4609.96,73772.21,18.28
64,4604.81,73660.17,18.28
64,4590.39,73452.84,18.95
64,4608.30,73727.68,18.28
64,4603.88,73670.08,18.28
64,4604.63,73671.11,18.28
64,4607.01,73710.11,18.28
64,4603.33,73656.68,18.61
64,4610.24,73755.40,18.28
64,4606.58,73705.95,18.28
64,4613.20,73818.40,18.28
64,4603.60,73648.85,18.28
64,4619.80,73915.53,18.28
64,4609.63,73756.95,18.28
64,4601.71,73629.03,18.61
64,4617.56,73878.34,18.28
64,4603.41,73652.50,18.28
64,4604.83,73680.26,18.61
64,4605.79,73697.21,18.61
64,4610.61,73769.10,18.28
64,4595.84,73536.78,18.28
64,4613.36,73812.79,18.28
64,4611.60,73771.85,18.28
64,4606.60,73707.54,18.61
64,4616.83,73893.07,18.61
64,4608.10,73711.97,18.28
64,4613.48,73814.41,18.28
64,4608.80,73742.98,18.61
64,4621.80,73964.73,18.28
64,4603.21,73631.74,18.28
64,4606.00,73701.01,18.28
64,4596.39,73538.05,18.61
64,4611.79,73792.48,18.28
64,4616.20,73862.78,18.28
64,4615.62,73841.40,18.28
64,4606.20,73708.39,18.28
64,4604.79,73675.51,18.28
64,4600.84,73613.87,18.61
64,4606.99,73698.68,18.61
64,4606.87,73718.33,18.61
64,4619.18,73911.32,18.28
64,4608.62,73731.97,18.28
64,4607.35,73723.46,18.28
64,4614.34,73840.06,18.28
64,4610.26,73739.32,18.61
64,4601.78,73637.92,18.61
64,4614.15,73830.46,18.28
64,4602.89,73647.84,18.28
64,4607.94,73720.31,18.28
64,4609.41,73764.61,18.28
64,4612.61,73803.68,18.28
64,4609.43,73738.34,18.28
64,4608.61,73749.12,18.28
64,4619.12,73896.57,18.61
64,4620.66,73929.60,18.28
64,4607.99,73732.83,18.28
64,4611.57,73764.14,18.28
64,4608.84,73769.10,18.28
64,4605.79,73686.97,18.28
64,4609.94,73752.69,18.28
64,4616.22,73855.53,18.28
64,4610.45,73770.40,18.28
64,4611.40,73787.46,18.28
64,4613.20,73811.07,18.28
64,4606.36,73701.53,18.61
64,4617.42,73876.00,18.28
64,4606.64,73702.89,18.28
64,4620.61,73929.50,18.28
64,4602.47,73648.47,18.61
64,4622.81,73964.64,18.28
64,4619.87,73912.89,18.28
64,4615.23,73845.76,18.28
64,4614.99,73831.69,18.28
64,4609.09,73757.82,18.28
64,4610.27,73758.16,18.28
64,4610.63,73769.90,18.28
64,4616.41,73860.52,18.28
64,4615.57,73842.73,18.61
64,4610.14,73771.87,18.28
64,4612.04,73792.46,18.28
64,4618.77,73886.46,18.28
64,4608.17,73752.48,18.28
64,4614.00,73806.82,18.61
64,4608.00,73734.83,18.28
64,4610.23,73772.08,18.28
64,4611.40,73770.77,18.61
64,4612.15,73806.65,18.28
64,4611.23,73763.94,18.28
64,4606.40,73719.99,18.28
64,4608.20,73713.44,18.28
64,4606.43,73715.09,18.28
64,4614.34,73830.51,18.28
64,4612.65,73801.27,18.61
64,4607.80,73714.67,18.28
64,4612.65,73805.68,18.28
64,4610.21,73766.89,18.28
64,4611.77,73782.75,18.28
64,4618.41,73906.33,18.28
64,4616.21,73860.92,18.28
64,4606.95,73704.62,18.28
64,4612.41,73804.21,18.28
64,4608.19,73735.40,18.28
64,4620.02,73901.15,18.28
64,4616.40,73875.57,18.28
64,4615.02,73832.88,18.28
64,4608.20,73740.34,18.28
64,4617.21,73875.37,18.28
64,4619.99,73913.23,18.28
64,4614.63,73835.16,18.28
64,4609.30,73752.40,18.28
64,4596.28,73538.32,18.61
64,4606.78,73714.04,18.28
64,4604.54,73673.05,18.28
64,4607.37,73706.66,18.61
64,4611.64,73778.57,18.61
64,4613.24,73832.46,18.28
64,4621.05,73926.98,18.28
64,4605.49,73676.89,18.28
64,4602.30,73647.01,18.28
64,4620.77,73922.90,18.61
64,4618.82,73912.75,18.28
64,4615.49,73849.11,18.28
64,4620.60,73933.64,18.28
64,4596.42,73534.77,18.61
64,4624.25,73985.01,18.28
64,4613.40,73812.65,18.28
64,4611.20,73783.60,18.28
64,4611.60,73794.86,18.28
64,4616.47,73846.04,18.28
64,4615.27,73865.78,18.28
64,4605.79,73679.50,18.28
64,4605.82,73691.46,18.28
64,4613.65,73814.65,18.28
64,4613.82,73821.87,18.28
64,4614.35,73827.65,18.28
64,4615.22,73847.74,18.28
64,4615.41,73850.72,18.28
64,4621.42,73943.73,18.28
64,4601.80,73622.00,18.61
64,4606.36,73704.37,18.28
64,4620.83,73935.22,18.28
64,4609.45,73744.83,18.28
64,4587.51,73416.63,18.61
64,4606.48,73692.04,18.28
64,4604.55,73669.00,18.28
64,4614.24,73829.69,18.28
64,4609.56,73753.63,18.28
64,4629.03,74066.32,18.28
64,4610.58,73769.53,18.28
64,4611.00,73770.67,18.61
64,4607.16,73717.53,18.28
64,4610.63,73763.74,18.61
64,4621.12,73944.77,18.28
64,4608.87,73744.48,18.28
64,4613.35,73821.63,18.28
64,4612.63,73789.50,18.28
64,4605.41,73698.62,18.28
64,4615.41,73836.15,18.28
64,4601.20,73626.45,18.61
64,4616.78,73852.55,18.28
64,4596.20,73561.02,18.61
64,4612.44,73792.97,18.28
64,4608.58,73728.60,18.28
64,4610.99,73769.49,18.28
64,4606.62,73727.79,18.28
64,4616.51,73860.53,18.28
64,4609.38,73730.00,18.28
64,4617.48,73896.47,18.28
64,4621.81,73943.01,18.28
64,4610.94,73765.25,18.28
64,4606.07,73708.71,18.28
64,4613.62,73818.24,18.28
64,4614.81,73840.89,18.28
64,4621.79,73951.02,18.28
64,4618.78,73896.94,18.61
64,4618.81,73903.12,18.61
64,4612.52,73790.72,18.28
64,4605.80,73700.47,18.61
64,4600.09,73607.46,18.61
64,4614.54,73838.27,18.28
64,4620.04,73908.57,18.28
64,4617.63,73878.08,18.28
64,4600.77,73620.48,18.61
64,4612.04,73790.63,18.28
64,4605.54,73689.23,18.61
64,4613.07,73812.28,18.28
64,4605.16,73669.77,18.61
64,4614.21,73826.94,18.28
64,4610.73,73776.50,18.28
64,4610.85,73786.44,18.28
64,4605.52,73671.55,18.61
64,4601.99,73644.38,18.61
64,4617.93,73884.25,18.28
64,4617.15,73869.62,18.28
64,4606.22,73695.51,18.28
64,4602.23,73630.15,18.28
64,4608.70,73752.33,18.61
64,4592.37,73467.71,18.28
64,4610.70,73771.22,18.28
64,4615.34,73848.97,18.28
64,4606.39,73706.71,18.28
64,4605.95,73696.26,18.61
64,4616.09,73842.63,18.28
64,4622.22,73956.25,18.61
64,4604.77,73687.73,18.28
64,4606.17,73709.24,18.28
64,4610.02,73742.29,18.28
64,4615.65,73845.32,18.28
64,4617.00,73880.45,18.28
64,4611.80,73796.06,18.28
64,4614.29,73828.06,18.28
64,4610.73,73773.56,18.28
64,4607.78,73718.83,18.28
64,4623.80,73989.42,18.28
64,4613.20,73807.47,18.28
64,4609.61,73757.37,18.28
64,4619.41,73909.31,18.28
64,4617.10,73855.55,18.28
64,4604.59,73669.69,18.28
64,4610.77,73789.38,18.28
64,4613.71,73815.39,18.28
64,4603.41,73653.33,18.28
64,4606.74,73710.76,18.28
64,4615.65,73851.65,18.28
64,4608.32,73735.75,18.28
64,4606.81,73707.80,18.28
64,4609.98,73763.90,18.28
64,4609.29,73741.39,18.61
64,4617.01,73872.81,18.28
64,4617.99,73891.71,18.28
64,4606.99,73710.62,18.61
64,4625.14,74001.59,18.28
64,4614.04,73820.40,18.28
64,4618.26,73895.63,18.28
64,4612.67,73792.93,18.28
64,4611.41,73792.71,18.28
64,4606.40,73693.36,18.61
64,4606.82,73712.13,18.28
64,4596.22,73539.91,18.28
64,4605.60,73691.87,18.28
64,4609.96,73750.74,18.28
64,4613.40,73834.67,18.28
64,4616.81,73846.61,18.28
64,4617.96,73896.91,18.28
64,4612.24,73805.71,18.28
64,4616.79,73855.29,18.28
64,4598.05,73573.15,18.28
64,4612.43,73788.60,18.28
64,4614.38,73838.09,18.28
64,4620.01,73910.90,18.28
64,4603.98,73689.96,18.61
64,4616.25,73844.54,18.28
64,4605.77,73692.89,18.28
64,4610.21,73762.72,18.28
64,4613.81,73823.42,18.28
64,4610.44,73764.97,18.28
64,4604.58,73670.35,18.61
64,4606.81,73714.84,18.28
64,4624.54,73982.61,18.28
64,4607.28,73725.46,18.28
64,4609.17,73739.10,18.61
64,4610.51,73778.95,18.28
64,4614.38,73837.09,18.28
64,4609.63,73740.65,18.28
64,4609.96,73769.69,18.28
64,4614.20,73819.95,18.28
64,4613.11,73809.34,18.28
64,4607.82,73725.58,18.28
64,4607.70,73736.39,18.28
64,4608.01,73721.79,18.28
64,4603.28,73649.86,18.28
64,4620.92,73931.73,18.28
64,4616.06,73861.01,18.28
64,4613.77,73822.70,18.28
64,4612.82,73792.85,18.28
64,4614.05,73836.12,18.28
64,4606.94,73700.22,18.28
64,4610.82,73775.77,18.61
64,4604.61,73686.88,18.28
64,4620.78,73926.66,18.61
64,4613.02,73799.71,18.28
64,4606.40,73691.37,18.61
64,4603.97,73669.25,18.61
64,4611.85,73799.12,18.28
64,4612.79,73808.05,18.28
64,4609.98,73754.04,18.61
64,4599.44,73599.10,18.28
64,4612.36,73796.60,18.28
64,4611.25,73781.44,18.28
64,4613.32,73810.12,18.28
64,4616.85,73865.73,18.28
64,4596.39,73555.70,18.61
64,4602.98,73631.65,18.61
64,4614.03,73815.52,18.61
64,4609.59,73768.92,18.28
64,4612.58,73801.47,18.28
64,4613.86,73818.98,18.28
64,4609.81,73750.49,18.28
64,4617.55,73884.48,18.61
64,4616.71,73874.04,18.28
64,4590.77,73460.51,18.61
64,4621.23,73916.01,18.28
64,4618.82,73903.31,18.28
64,4608.40,73734.23,18.28
64,4614.58,73840.30,18.28
64,4608.62,73742.86,18.28
64,4610.40,73768.97,18.28
64,4620.00,73904.84,18.28
64,4608.01,73732.37,18.28
64,4615.59,73848.47,18.28
64,4611.61,73787.41,18.28
64,4611.86,73788.49,18.28
64,4614.63,73844.13,18.28
64,4617.33,73858.33,18.28
64,4607.35,73733.68,18.28
64,4614.81,73840.51,18.28
64,4613.78,73810.02,18.28
64,4612.05,73801.99,18.28
64,4614.23,73819.07,18.28
64,4608.18,73740.75,18.61
64,4614.48,73810.95,18.28
64,4612.54,73815.92,18.28
64,4603.67,73659.72,18.61
64,4601.94,73626.40,18.28
64,4601.24,73618.62,18.28
64,4603.16,73651.39,18.95
64,4612.35,73792.74,18.28
64,4616.23,73869.32,18.28
64,4615.62,73851.57,18.28
64,4599.41,73588.95,18.61
64,4613.70,73812.00,18.28
64,4618.91,73906.20,18.28
64,4620.76,73944.19,18.28
64,4612.42,73789.85,18.28
64,4610.75,73773.83,18.28
64,4609.27,73749.66,18.28
64,4611.79,73781.42,18.28
64,4612.52,73799.98,18.28
64,4611.38,73772.80,18.61
64,4620.00,73928.38,18.28
64,4615.39,73858.83,18.28
64,4613.82,73804.57,18.28
64,4601.38,73625.89,18.28
64,4614.83,73853.54,18.28
64,4610.45,73754.61,18.28
64,4610.42,73763.27,18.28
64,4621.78,73956.82,18.28
64,4616.01,73848.95,18.28
64,4607.41,73714.56,18.28
64,4603.57,73665.76,18.28
64,4616.01,73850.29,18.28
64,4614.21,73825.17,18.28
64,4608.41,73743.82,18.28
64,4620.42,73931.72,18.61
64,4614.42,73834.16,18.28
64,4607.26,73705.42,18.61
64,4611.05,73779.67,18.28
64,4610.22,73749.12,18.28
64,4619.14,73915.43,18.28
64,4610.46,73771.77,18.28
64,4608.66,73738.75,18.28
64,4604.56,73672.28,18.28
64,4615.21,73839.76,18.28
64,4598.99,73591.91,18.28
64,4610.72,73750.29,18.28
64,4606.51,73713.75,18.28
64,4609.90,73752.35,18.61
64,4600.05,73619.84,18.61
64,4615.45,73844.01,18.28
64,4607.16,73709.70,18.61
64,4613.43,73813.96,18.61
64,4608.83,73736.54,18.28
64,4624.15,73989.54,18.28
64,4609.58,73756.32,18.61
64,4611.54,73784.30,18.28
64,4617.89,73872.05,18.28
64,4605.77,73717.39,18.28
64,4617.60,73874.98,18.28
64,4611.20,73768.47,18.28
64,4614.20,73838.08,18.28
64,4612.64,73802.98,18.61
64,4611.17,73770.33,18.28
64,4609.32,73753.94,18.61
64,4615.20,73848.83,18.28
64,4601.39,73617.21,18.61
64,4603.94,73665.19,18.61
64,4613.54,73813.56,18.28
64,4624.05,73979.63,18.28
64,4608.58,73736.82,18.28
64,4604.56,73679.72,18.28
64,4601.24,73612.29,18.28
64,4606.84,73713.23,18.28
64,4605.93,73694.50,18.61
64,4621.98,73950.72,18.28
64,4612.01,73802.32,18.28
64,4611.06,73779.00,18.28
64,4617.69,73868.99,18.28
64,4608.19,73723.90,18.28
64,4603.37,73673.98,18.61
64,4615.62,73841.12,18.28
64,4606.82,73703.35,18.28
64,4608.18,73737.48,18.28
64,4605.80,73699.43,18.28
64,4611.80,73784.61,18.28
64,4600.61,73609.60,18.28
64,4620.81,73925.11,18.28
64,4613.98,73833.15,18.28
64,4615.28,73846.61,18.28
64,4594.81,73508.22,18.61
64,4603.80,73659.26,18.61
64,4596.77,73543.06,18.28
64,4615.55,73858.21,18.28
64,4615.47,73838.69,18.61
64,4604.62,73678.51,18.61
64,4614.85,73842.20,18.28
64,4616.44,73854.41,18.28
64,4610.26,73778.43,18.28
64,4609.15,73744.00,18.28
64,4612.08,73789.04,18.28
64,4614.32,73819.71,18.61
64,4621.29,73954.05,18.28
64,4609.70,73752.47,18.61
64,4610.87,73771.39,18.28
64,4615.44,73849.84,18.28
64,4616.35,73857.42,18.28
64,4598.58,73584.71,18.28
64,4605.08,73673.05,18.61
64,4610.16,73773.18,18.28
64,4613.41,73808.13,18.28
64,4618.98,73904.50,18.28
64,4606.42,73706.45,18.61
64,4611.80,73792.04,18.61
64,4606.56,73695.29,18.61
64,4602.38,73627.41,18.28
64,4612.91,73816.72,18.28
64,4614.07,73828.55,18.28
64,4610.21,73760.39,18.28
64,4612.85,73815.22,18.28
64,4613.98,73816.89,18.28
64,4604.13,73672.09,18.28
64,4614.30,73812.18,18.28
64,4597.41,73570.31,18.28
64,4620.62,73924.34,18.28
64,4606.64,73701.57,18.28
64,4616.33,73873.08,18.28
64,4614.39,73840.44,18.28
64,4618.96,73885.20,18.28
64,4606.06,73701.11,18.28
64,4602.77,73655.98,18.28
64,4618.77,73891.55,18.28
64,4608.26,73733.99,18.28
64,4613.20,73798.58,18.28
64,4601.39,73630.97,18.28
64,4613.23,73813.90,18.28
64,4605.43,73691.84,18.28
64,4618.27,73875.36,18.28
64,4612.92,73825.29,18.28
64,4621.10,73924.60,18.28
64,4608.10,73740.20,18.61
64,4607.56,73710.15,18.28
64,4619.86,73919.82,18.28
64,4605.33,73685.07,18.61
64,4605.19,73680.42,18.61
64,4611.20,73787.28,18.28
64,4608.41,73737.19,18.28
64,4600.57,73613.72,18.61
64,4615.45,73843.94,18.28
64,4611.41,73772.61,18.28
64,4621.71,73949.93,18.28
64,4602.87,73642.13,18.61
64,4604.65,73677.43,18.61
64,4614.77,73826.07,18.28
64,4616.32,73872.08,18.28
64,4606.86,73717.68,18.28
64,4610.13,73744.49,18.28
64,4616.41,73866.72,18.28
64,4608.40,73738.55,18.28
64,4612.36,73804.35,18.28
64,4610.62,73764.35,18.28
64,4616.81,73868.02,18.28
64,4614.80,73831.12,18.28
64,4599.77,73608.35,18.28
64,4612.82,73808.51,18.28
64,4608.00,73709.24,18.28
64,4611.80,73805.81,18.28
64,4616.86,73854.39,18.28
64,4599.60,73601.55,18.28
64,4613.63,73820.62,18.28
64,4614.12,73823.94,18.28
64,4614.41,73838.38,18.28
64,4614.20,73821.52,18.28
64,4613.17,73812.28,18.28
64,4614.10,73817.16,18.28
64,4606.82,73711.75,18.28
64,4619.80,73920.74,18.28
64,4607.55,73717.44,18.28
64,4606.64,73712.08,18.61
64,4612.93,73798.92,18.28
64,4611.79,73799.96,18.28
64,4605.18,73680.62,18.28
64,4614.82,73827.47,18.28
64,4609.40,73749.74,18.61
64,4618.03,73892.93,18.28
64,4617.05,73878.94,18.28
64,4610.20,73765.65,18.28
64,4610.21,73743.93,18.28
64,4605.00,73683.94,18.61
64,4613.82,73828.25,18.28
64,4617.56,73882.38,17.95
64,4610.02,73759.68,18.28
64,4622.83,73966.29,18.28
64,4607.57,73723.67,18.28
64,4625.03,73994.86,18.28
64,4606.24,73705.45,18.28
64,4610.94,73768.50,18.28
64,4606.00,73698.67,18.61
64,4609.97,73760.17,18.28
64,4619.18,73893.13,18.28
64,4613.25,73822.67,18.28
64,4608.71,73744.34,18.28
64,4612.60,73803.00,18.28
64,4615.86,73853.52,18.28
64,4614.58,73840.88,18.28
64,4617.86,73875.48,18.28
64,4614.35,73827.97,18.28
64,4611.90,73795.87,18.28
64,4611.41,73786.52,18.28
64,4612.62,73796.93,18.28
64,4613.89,73823.04,18.28
64,4617.85,73882.06,18.61
64,4614.07,73819.39,18.28
64,4616.01,73869.28,18.28
64,4601.20,73598.27,18.28
64,4597.58,73571.68,18.28
64,4607.82,73723.07,18.28
64,4607.80,73724.19,18.28
64,4616.80,73871.16,18.28
64,4614.80,73848.93,18.28
64,4616.60,73846.65,18.61
64,4612.20,73795.76,18.28
64,4592.39,73484.98,18.95
64,4607.12,73724.92,18.28
64,4607.36,73705.22,18.28
64,4611.63,73780.92,18.28
64,4609.19,73749.89,18.28
64,4591.56,73464.95,18.61
64,4601.61,73630.48,18.28
64,4615.40,73847.17,18.61
64,4616.63,73866.43,18.61
64,4606.37,73710.13,18.28
64,4604.01,73661.99,18.61
64,4607.41,73703.74,18.28
64,4619.80,73916.35,18.28
64,4609.78,73764.05,18.28
64,4603.88,73669.04,18.28
64,4611.54,73776.91,18.61
64,4602.21,73638.71,18.61
64,4614.13,73828.35,18.28
64,4616.17,73854.86,18.28
64,4607.43,73715.44,18.28
64,4607.68,73736.70,18.28
64,4615.40,73842.39,18.28
64,4609.97,73750.28,18.28
64,4602.43,73632.44,18.61
64,4600.97,73624.06,18.28
64,4606.85,73721.54,18.61
64,4616.02,73846.32,18.28
64,4613.47,73811.06,18.28
64,4612.42,73794.56,18.28
64,4623.90,73996.42,18.28
64,4612.76,73799.00,18.61
64,4620.04,73925.16,18.28
64,4612.32,73786.58,18.28
64,4608.09,73729.79,18.28
64,4609.48,73750.67,18.28
64,4615.91,73852.80,18.28
64,4611.98,73799.50,18.28
64,4619.79,73919.17,18.28
64,4615.03,73842.65,18.28
64,4609.56,73748.44,18.28
64,4612.15,73792.01,18.28
64,4608.21,73724.76,18.28
64,4613.87,73839.75,18.28
64,4614.59,73826.77,18.28
64,4617.60,73876.01,18.28
64,4614.03,73833.31,18.28
64,4603.84,73654.05,18.28
64,4616.34,73873.70,18.28
64,4613.19,73799.42,18.28
64,4614.00,73824.45,18.28
64,4609.02,73753.19,18.28
64,4610.59,73760.06,18.28
64,4613.50,73810.80,18.28
64,4610.80,73777.96,18.61
64,4607.00,73718.46,18.28
64,4613.46,73801.57,18.28
64,4614.94,73853.06,18.28
64,4611.07,73761.59,18.28
64,4603.98,73672.36,18.61
64,4610.79,73768.98,18.28
64,4616.45,73876.65,18.28
64,4623.17,73958.94,18.28
64,4613.21,73817.41,18.28
64,4613.16,73800.57,18.28
64,4608.84,73750.79,18.28
64,4614.77,73833.85,18.28
64,4616.75,73869.48,18.28
64,4610.42,73771.97,18.28
64,4603.36,73638.50,18.28
64,4613.06,73819.38,18.28
64,4613.03,73806.03,18.28
64,4605.40,73681.37,18.28
64,4610.41,73777.21,18.28
64,4613.01,73806.39,18.28
64,4607.61,73717.10,18.28
64,4608.29,73736.27,18.28
64,4609.88,73760.47,18.28
64,4612.97,73810.31,18.28
64,4613.01,73807.48,18.28
64,4615.40,73846.48,18.28
64,4607.80,73718.78,18.28
64,4605.45,73683.40,18.28
64,4616.94,73871.86,18.28
64,4597.44,73562.28,18.28
64,4617.39,73875.23,18.28
64,4609.31,73747.80,18.28
64,4615.61,73853.91,18.28
64,4604.58,73671.96,18.28
64,4608.64,73739.82,18.28
64,4608.63,73740.61,18.28
64,4602.24,73624.30,18.61
64,4614.68,73843.85,18.28
64,4619.62,73912.75,18.28
64,4611.45,73773.42,18.28
64,4613.98,73840.95,18.28
64,4617.60,73879.75,18.28
64,4618.82,73887.40,18.28
64,4615.04,73851.83,18.28
64,4615.97,73858.14,18.28
64,4605.27,73673.74,18.28
64,4606.34,73698.90,18.28
64,4612.64,73814.40,18.28
64,4609.31,73734.33,18.28
64,4605.37,73685.51,18.28
64,4612.26,73803.70,18.61
64,4608.41,73738.74,18.28
64,4617.38,73872.26,18.28
64,4613.01,73802.39,18.28
64,4621.07,73951.25,18.28
64,4611.69,73796.51,18.28
64,4613.90,73806.01,18.28
64,4599.56,73594.34,18.28
64,4605.21,73678.89,18.61
64,4607.74,73726.37,18.28
64,4613.68,73813.90,18.28
64,4621.98,73963.01,18.28
64,4608.25,73731.33,18.61
64,4615.51,73847.50,18.28
64,4615.03,73851.75,18.28
64,4603.02,73628.73,18.28
64,4617.41,73880.70,18.28
64,4610.61,73765.08,18.28
64,4604.00,73672.00,18.61
64,4620.40,73922.17,18.28
64,4612.95,73800.65,18.28
64,4610.83,73779.72,18.28
64,4616.60,73867.00,18.28
64,4603.83,73667.72,18.61
64,4617.58,73882.32,18.28
64,4611.01,73762.09,18.61
64,4606.81,73721.76,18.28
64,4609.18,73744.82,18.28
64,4616.59,73859.05,18.28
64,4612.86,73818.79,18.61
64,4608.48,73747.83,18.61
64,4615.00,73819.82,18.28
64,4606.43,73701.74,18.28
64,4612.09,73790.61,18.28
64,4614.33,73831.23,18.28
64,4610.40,73763.84,18.28
64,4613.46,73825.08,18.28
64,4611.58,73771.42,18.61
64,4604.98,73696.65,18.28
64,4610.14,73749.85,18.28
64,4610.38,73782.64,18.28
64,4608.81,73731.57,18.61
64,4615.60,73832.73,18.28
64,4611.60,73798.59,18.28
64,4624.70,73995.60,18.28
64,4610.96,73772.90,18.28
64,4599.61,73598.89,18.28
64,4609.36,73751.79,18.28
64,4610.91,73777.92,18.28
64,4610.73,73757.09,18.28
64,4616.27,73860.15,18.28
64,4606.99,73703.83,18.28
64,4613.65,73829.37,18.28
64,4612.52,73809.92,18.61
64,4611.02,73771.95,18.28
64,4613.35,73813.13,18.28
64,4613.23,73811.73,18.28
64,4619.82,73923.05,18.28
64,4612.59,73802.52,18.28
64,4618.61,73892.19,18.28
64,4622.99,73961.46,18.28
64,4614.41,73827.91,18.28
64,4607.35,73729.81,18.28
64,4596.42,73533.48,18.61
64,4614.81,73832.99,18.28
64,4602.42,73641.72,18.61
64,4623.71,73976.51,18.28
64,4620.48,73931.82,18.28
64,4612.40,73798.80,18.28
64,4621.43,73955.46,18.28
64,4612.22,73781.88,18.28
64,4625.40,74010.64,18.28
64,4608.94,73750.97,18.28
64,4593.58,73501.95,18.28
64,4611.06,73757.30,18.28
64,4612.49,73813.40,18.28
64,4614.79,73842.98,18.28
64,4625.02,73986.08,18.28
64,4628.40,74053.61,18.28
64,4608.23,73728.22,18.28
64,4612.17,73797.32,18.28
64,4604.99,73678.30,18.28
64,4617.42,73873.24,18.28
64,4617.20,73884.54,18.28
64,4622.01,73952.58,18.28
64,4616.59,73866.65,18.28
64,4612.87,73796.64,18.28
64,4619.17,73907.07,18.28
64,4613.42,73823.49,18.28
64,4605.44,73687.08,18.28
64,4613.39,73820.71,18.28
64,4619.19,73913.99,18.28
64,4603.19,73642.11,18.28
64,4603.03,73644.29,18.28
64,4615.37,73848.51,18.28
64,4604.54,73674.86,18.28
64,4605.80,73689.54,18.28
64,4605.20,73686.85,18.28
64,4612.95,73796.74,18.28
64,4608.88,73732.91,18.28
64,4611.81,73802.13,18.28
64,4609.66,73767.94,18.61
64,4615.00,73823.20,18.28
64,4599.57,73582.64,18.28
64,4613.42,73833.56,18.28
64,4607.77,73724.33,18.61
64,4611.60,73773.37,18.28
64,4608.26,73742.93,18.28
64,4613.85,73829.37,18.28
64,4624.05,73964.25,18.28
64,4610.84,73782.87,18.28
64,4605.46,73690.13,18.61
64,4614.08,73820.93,18.28
64,4613.07,73808.69,18.28
64,4616.00,73856.74,18.28
64,4605.81,73691.74,18.28
64,4606.70,73708.44,18.28
64,4609.83,73759.35,18.28
64,4624.98,74002.93,18.28
64,4605.62,73688.30,18.61
64,4613.36,73808.68,18.28
64,4603.41,73651.62,18.28
64,4615.09,73850.70,18.28
64,4613.94,73807.77,18.28
64,4622.39,73977.76,18.28
64,4622.29,73948.90,18.28
64,4610.28,73764.63,18.28
64,4615.21,73841.77,18.28
64,4611.89,73796.28,18.61
64,4606.17,73697.58,18.28
64,4611.62,73777.28,18.28
64,4610.23,73774.14,18.28
64,4623.54,73967.49,18.28
64,4613.45,73814.00,18.61
64,4615.11,73845.37,18.28
64,4610.59,73775.22,18.28
64,4618.61,73893.99,18.28
64,4622.24,73960.49,18.28
64,4612.15,73787.56,18.28
64,4613.80,73818.85,18.28
64,4604.68,73686.30,18.28
64,4611.20,73775.40,18.28
64,4619.92,73910.88,18.28
64,4608.78,73737.70,18.28
64,4604.93,73688.09,18.28
64,4612.11,73793.63,18.28
64,4618.03,73889.61,18.28
64,4619.06,73908.33,18.28
64,4616.57,73853.59,18.28
64,4615.63,73859.67,18.28
64,4609.17,73749.72,18.28
64,4613.22,73803.96,18.61
64,4609.01,73743.52,18.28
64,4621.75,73950.77,18.28
64,4625.19,73997.81,18.28
64,4619.62,73918.74,18.28
64,4619.60,73913.01,18.28
64,4606.01,73694.63,18.28
64,4617.58,73890.65,18.28
64,4608.63,73721.28,18.28
64,4613.56,73827.96,18.28
64,4611.55,73778.26,18.28
64,4612.99,73804.09,18.28
64,4599.81,73601.90,18.28
64,4617.57,73884.54,18.28
64,4606.02,73692.51,18.61
64,4617.50,73885.22,18.28
64,4609.39,73744.61,18.28
64,4612.19,73800.20,18.28
64,4604.98,73677.10,18.28
64,4613.25,73803.95,18.28
64,4617.38,73887.67,18.28
64,4618.41,73891.37,18.28
64,4610.62,73774.04,18.28
64,4611.08,73786.14,18.61
64,4617.06,73849.60,18.61
64,4610.59,73783.80,18.28
64,4611.05,73776.01,18.28
64,4612.18,73791.34,18.28
64,4605.58,73687.92,18.61
64,4609.57,73746.86,18.28
64,4608.05,73737.63,18.28
64,4612.41,73812.38,18.61
64,4613.81,73810.52,18.28
64,4621.36,73936.51,18.28
64,4611.05,73787.46,18.28
64,4599.11,73568.73,18.61
64,4610.88,73784.15,18.28
64,4605.37,73677.92,18.61
64,4617.04,73876.58,18.28
64,4617.10,73879.92,18.28
64,4611.20,73770.25,18.28
64,4614.59,73843.17,18.28
64,4608.41,73724.92,18.28
64,4612.21,73804.74,18.61
64,4616.19,73843.90,18.28
64,4602.64,73645.38,18.28
64,4606.26,73708.09,18.28
64,4611.18,73787.04,18.61
64,4610.01,73763.69,18.28
64,4617.99,73873.31,18.28
64,4610.64,73773.89,18.28
64,4614.78,73835.12,18.28
64,4614.20,73822.86,18.28
64,4614.79,73845.51,18.28
64,4615.39,73840.20,18.28
64,4605.58,73695.26,18.28
64,4609.23,73738.29,18.28
64,4607.62,73716.28,18.28
64,4612.13,73801.64,18.28
64,4608.36,73736.75,18.28
64,4609.62,73757.07,18.28
64,4613.80,73825.13,18.28
64,4604.82,73675.05,18.28
64,4606.28,73697.09,18.28
64,4608.32,73733.08,18.28
64,4626.38,74025.94,18.28
64,4620.06,73922.93,18.28
64,4609.00,73723.80,18.28
64,4608.60,73744.58,18.28
64,4606.58,73715.94,18.28
64,4604.83,73670.69,18.28
64,4613.59,73813.66,18.28
64,4621.01,73943.71,18.28
64,4619.02,73903.93,18.28
64,4609.05,73745.97,18.28
64,4611.31,73784.91,18.28
64,4608.86,73738.60,18.28
64,4608.39,73720.98,18.28
64,4602.51,73651.32,18.28
64,4622.80,73969.67,18.28
64,4609.98,73758.83,18.61
64,4614.02,73820.91,18.28
64,4623.19,73964.92,18.28
64,4614.41,73839.55,18.28
64,4611.20,73775.76,18.28
64,4598.98,73586.70,18.28
64,4604.42,73675.92,18.28
64,4603.98,73654.31,18.28
64,4617.20,73882.86,18.28
64,4619.24,73897.68,18.28
64,4605.37,73691.10,18.28
64,4612.60,73797.84,18.28
64,4613.86,73830.79,18.28
64,4615.16,73830.63,18.61
64,4606.49,73710.99,18.28
64,4613.35,73806.18,18.28
64,4603.42,73666.07,18.28
64,4614.31,73819.71,18.28
64,4608.78,73739.56,18.28
64,4603.64,73659.57,18.28
64,4609.77,73763.79,18.28
64,4602.31,73628.33,18.28
64,4612.79,73812.71,18.61
64,4611.78,73779.06,18.28
64,4609.61,73753.70,18.28
64,4618.59,73897.67,18.28
64,4608.81,73751.37,18.28
64,4613.59,73815.67,18.28
64,4617.74,73881.64,18.28
64,4607.84,73720.27,18.28
64,4607.82,73727.65,18.28
64,4605.76,73691.44,18.28
64,4606.63,73704.08,18.61
64,4611.00,73780.60,18.28
64,4603.20,73647.85,18.28
64,4611.80,73797.26,18.28
64,4618.66,73900.55,18.28
64,4612.67,73781.98,18.28
64,4610.18,73776.53,18.28
64,4599.60,73601.24,18.28
64,4609.03,73733.82,18.28
64,4608.23,73726.93,18.28
64,4611.62,73781.49,18.28
64,4617.26,73883.34,18.28
64,4623.68,73977.89,18.28
64,4609.65,73749.95,18.28
64,4607.83,73729.28,18.28
64,4603.92,73662.15,18.28
64,4605.89,73696.60,18.28
64,4614.14,73825.83,18.28
64,4618.76,73897.11,18.28
64,4606.78,73712.65,18.61
64,4619.30,73914.06,18.28
64,4608.03,73724.47,18.28
64,4612.69,73811.78,18.28
64,4606.70,73700.44,18.61
64,4609.88,73754.71,18.28
64,4615.84,73865.57,18.28
64,4618.60,73891.07,18.28
64,4613.62,73813.07,18.28
64,4602.84,73644.49,18.28
64,4613.95,73835.20,18.61
64,4619.42,73898.18,18.28
64,4616.16,73852.80,18.28
64,4612.41,73812.49,18.28
64,4612.87,73802.49,18.28
64,4617.18,73877.16,18.28
64,4610.93,73779.67,18.28
64,4611.60,73783.04,18.28
64,4600.42,73605.67,18.28
64,4609.20,73736.54,18.28
64,4606.98,73715.67,18.28
64,4608.50,73747.02,18.28
64,4608.78,73733.69,18.28
64,4620.32,73917.19,18.28
64,4609.60,73766.26,18.28
64,4610.00,73751.13,18.28
64,4611.70,73777.06,18.28
64,4605.56,73713.44,18.28
64,4613.22,73797.17,18.28
64,4614.05,73829.26,18.28
64,4616.67,73862.69,18.28
64,4600.41,73619.52,18.28
64,4617.82,73866.31,18.28
64,4601.21,73622.31,18.28
64,4621.06,73934.97,18.61
64,4608.21,73739.08,18.28
64,4606.19,73695.22,18.61
64,4617.79,73891.08,18.28
64,4610.02,73755.45,18.61
64,4604.21,73657.37,18.28
64,4607.55,73730.47,18.61
64,4610.38,73767.91,18.28
64,4620.67,73912.17,18.28
64,4598.37,73586.29,18.28
64,4609.40,73750.98,18.28
64,4603.97,73668.57,18.28
64,4612.19,73795.67,18.28
64,4610.22,73766.57,18.28
64,4609.81,73747.69,18.28
64,4606.52,73716.99,18.28
64,4612.00,73786.62,18.28
64,4605.99,73684.57,18.61
64,4605.30,73695.54,18.28
64,4611.81,73789.48,18.28
64,4613.78,73809.93,18.28
64,4611.78,73808.45,18.28
64,4611.37,73766.25,18.28
64,4610.37,73773.45,18.61
64,4617.90,73890.39,18.28
64,4611.77,73770.56,18.28
64,4613.72,73828.15,18.28
64,4615.49,73851.28,18.28
64,4613.42,73808.12,18.28
64,4616.79,73883.49,18.28
64,4616.55,73860.61,18.28
64,4613.61,73806.39,18.61
64,4598.31,73579.83,18.28
64,4613.67,73816.16,18.28
64,4602.78,73645.96,18.28
64,4607.86,73725.97,18.28
64,4617.17,73876.92,18.28
64,4615.94,73857.62,18.28
64,4616.26,73852.23,18.28
64,4604.81,73680.76,18.28
64,4621.62,73940.48,18.28
64,4606.39,73703.41,18.61
64,4602.60,73642.20,18.28
64,4611.39,73787.70,18.28
64,4619.93,73909.31,18.28
64,4617.66,73892.59,18.28
64,4617.44,73881.26,18.28
64,4616.11,73859.30,18.28
64,4606.91,73703.12,18.28
64,4608.33,73732.31,18.28
64,4615.94,73861.11,18.28
64,4612.01,73790.20,18.28
64,4609.82,73760.17,18.28
64,4612.19,73796.81,18.28
64,4620.42,73920.68,18.28
64,4618.27,73893.94,18.28
64,4601.16,73613.74,18.61
64,4607.82,73715.68,18.61
64,4616.81,73888.82,18.28
64,4615.19,73841.70,18.28
64,4602.58,73634.72,18.61
64,4613.37,73807.92,18.28
64,4617.46,73886.61,18.61
64,4615.40,73840.05,18.28
64,4609.90,73753.25,18.28
64,4613.67,73831.77,18.28
64,4609.97,73763.51,18.28
64,4615.62,73843.84,18.28
64,4616.81,73868.15,18.28
64,4610.82,73768.53,18.28
64,4606.48,73710.95,18.28
64,4615.40,73846.80,18.28
64,4604.07,73657.55,18.61
64,4605.17,73698.08,18.28
64,4619.58,73901.85,18.28
64,4628.22,74055.91,18.28
64,4609.38,73735.25,18.28
64,4609.02,73768.50,18.28
64,4603.40,73644.58,18.61
64,4608.20,73733.52,18.28
64,4609.61,73752.34,18.28
64,4605.57,73670.92,18.61
64,4615.41,73866.72,18.28
64,4610.83,73769.69,18.61
64,4621.58,73922.89,18.28
64,4608.60,73749.42,18.28
64,4608.84,73750.82,18.28
64,4621.05,73933.00,18.28
64,4616.89,73876.44,18.28
64,4616.47,73859.74,18.28
64,4611.22,73773.29,18.28
64,4606.61,73714.91,18.28
64,4607.79,73731.08,18.28
64,4613.37,73806.06,18.28
64,4613.17,73802.65,18.28
64,4612.59,73800.11,18.28
64,4611.67,73786.46,18.28
64,4608.61,73756.18,18.28
64,4611.38,73770.29,18.28
64,4597.21,73559.91,18.28
64,4611.78,73786.46,18.28
64,4621.57,73955.06,18.28
64,4604.58,73659.85,18.28
64,4613.62,73814.93,18.61
64,4612.78,73814.95,18.28
64,4615.42,73854.13,18.28
64,4611.24,73759.40,18.28
64,4608.59,73744.97,18.28
64,4618.41,73890.16,18.28
64,4607.76,73730.59,18.28
64,4614.87,73835.44,18.28
64,4609.41,73751.15,18.28
64,4561.55,72922.57,18.28
