%user,%system,%iowait,%idle
14.71,6.35,6.63,72.31
38.33,45.18,12.30,4.19
38.09,45.58,14.05,2.28
38.77,44.93,14.22,2.08
38.17,44.96,14.93,1.95
37.95,44.82,15.26,1.97
38.37,44.32,15.37,1.94
38.71,43.44,16.05,1.81
37.45,43.28,17.26,2.01
37.94,42.79,17.23,2.03
38.14,42.92,16.96,1.98
38.17,42.43,17.44,1.96
38.41,43.23,16.48,1.88
38.71,43.60,15.99,1.70
38.75,43.43,16.11,1.71
38.90,42.57,16.65,1.87
38.43,42.68,16.98,1.91
38.93,43.36,15.75,1.96
37.82,43.77,16.60,1.82
37.69,43.03,17.45,1.83
38.62,43.46,16.11,1.80
38.08,43.41,16.69,1.82
38.50,43.69,16.03,1.78
38.08,44.35,15.66,1.91
37.07,43.98,17.10,1.86
37.12,44.45,16.60,1.83
36.80,44.27,17.17,1.75
36.86,45.04,16.40,1.69
36.77,45.27,16.24,1.71
38.23,42.17,17.70,1.90
36.18,45.70,16.22,1.90
37.20,44.05,16.82,1.93
37.32,43.62,17.26,1.80
36.54,44.13,16.76,2.57
36.72,45.46,15.93,1.89
36.32,44.54,16.77,2.37
37.71,43.24,17.15,1.90
37.85,42.95,17.27,1.93
36.08,44.87,17.20,1.85
37.71,43.07,17.36,1.85
38.53,42.01,17.49,1.97
37.09,44.00,17.12,1.79
38.02,43.57,16.39,2.02
37.13,42.17,18.79,1.91
37.06,44.64,16.58,1.72
36.27,44.79,17.22,1.72
36.58,44.97,16.67,1.77
35.83,45.34,17.01,1.82
35.98,43.78,18.43,1.81
36.09,42.65,19.48,1.78
36.27,43.51,18.35,1.88
37.18,44.21,16.81,1.80
35.15,45.02,18.10,1.73
35.66,44.23,18.22,1.89
35.96,42.14,19.88,2.02
35.76,43.51,18.89,1.85
36.41,43.53,17.98,2.07
36.32,42.48,19.30,1.90
36.92,41.83,19.38,1.87
36.83,42.25,19.04,1.88
35.92,43.44,18.58,2.05
35.38,43.28,19.25,2.09
35.63,44.96,17.54,1.87
34.09,47.75,16.56,1.60
33.89,40.72,23.38,2.01
33.68,34.59,29.11,2.63
33.79,34.78,29.34,2.08
33.81,35.09,29.38,1.72
33.54,34.21,30.35,1.90
34.42,38.54,25.13,1.92
33.72,34.73,29.42,2.12
34.05,38.20,25.96,1.78
33.97,34.68,29.24,2.11
33.86,33.99,29.77,2.38
34.15,35.58,28.28,1.98
35.96,38.84,23.36,1.84
38.04,40.20,19.80,1.96
37.13,39.02,21.74,2.10
37.30,40.15,20.54,2.01
38.68,41.01,18.27,2.03
37.49,43.10,17.69,1.72
36.93,41.28,19.77,2.02
35.21,44.79,17.95,2.06
35.60,39.83,22.52,2.05
37.01,40.32,20.61,2.06
37.13,43.29,17.75,1.82
35.93,40.36,22.14,1.56
35.60,44.20,18.51,1.69
36.62,42.89,18.55,1.94
34.19,44.37,18.69,2.75
34.34,38.24,25.63,1.79
37.32,46.11,14.57,2.01
36.50,43.42,18.50,1.59
36.11,44.99,17.25,1.66
37.31,41.25,19.57,1.86
36.46,36.66,25.00,1.87
34.38,37.86,25.81,1.95
36.62,40.07,21.54,1.77
36.89,44.84,16.52,1.74
36.82,40.52,21.03,1.63
37.38,40.92,19.82,1.88
35.03,36.12,26.76,2.08
36.25,41.12,20.92,1.71
35.72,37.76,24.76,1.77
36.27,38.16,23.73,1.84
39.19,42.60,16.37,1.84
36.41,39.07,22.68,1.84
36.35,41.82,20.20,1.63
34.79,34.58,28.79,1.84
35.74,37.92,24.42,1.92
37.31,42.38,18.65,1.65
37.00,41.14,19.88,1.98
35.12,34.85,28.34,1.69
34.98,36.79,26.49,1.74
38.14,42.70,17.38,1.78
35.88,40.35,21.82,1.95
38.90,41.06,18.09,1.95
36.17,37.96,24.23,1.64
36.14,37.94,23.57,2.35
34.77,34.41,28.97,1.85
37.57,41.20,19.30,1.93
35.92,38.99,23.09,2.00
34.65,35.08,28.03,2.24
34.46,35.10,28.07,2.37
36.26,40.20,21.93,1.60
37.37,40.85,19.75,2.03
36.44,39.44,22.22,1.89
34.75,34.67,28.81,1.77
35.02,41.10,22.13,1.75
35.94,38.78,23.45,1.83
36.56,36.90,24.59,1.96
36.08,37.50,24.39,2.03
37.47,38.66,21.91,1.97
38.56,41.35,18.26,1.84
36.50,38.76,22.78,1.96
34.78,35.94,27.08,2.20
37.84,39.49,20.83,1.85
34.65,35.22,28.03,2.10
35.61,36.29,25.99,2.12
38.32,39.96,19.61,2.11
36.49,39.12,22.56,1.83
37.69,41.57,18.59,2.15
35.15,35.67,26.86,2.32
38.88,41.46,17.71,1.96
34.48,35.04,28.42,2.06
34.49,34.03,29.34,2.15
34.50,35.09,28.67,1.73
35.70,37.74,24.60,1.96
35.98,37.35,24.61,2.06
34.71,35.62,27.42,2.25
34.51,36.47,27.14,1.88
37.98,41.71,18.46,1.85
37.06,39.52,21.11,2.31
35.73,36.14,26.26,1.87
34.26,34.47,29.20,2.07
33.97,34.19,29.77,2.07
33.86,33.51,30.69,1.95
34.39,36.29,27.47,1.85
39.36,42.81,16.07,1.76
35.19,35.67,27.06,2.08
34.31,34.00,29.45,2.23
34.33,34.21,29.02,2.45
34.23,33.99,30.05,1.73
34.90,34.95,28.02,2.13
39.85,41.42,16.75,1.98
38.87,39.71,19.45,1.98
35.66,36.26,26.24,1.83
37.74,38.52,21.57,2.17
36.48,37.94,23.55,2.03
36.88,40.25,20.96,1.90
39.09,40.20,18.70,2.02
35.24,36.52,26.46,1.78
39.37,40.96,17.75,1.92
35.67,35.95,26.23,2.15
37.97,39.59,20.38,2.06
34.80,36.19,26.91,2.10
38.76,41.55,17.88,1.81
34.14,33.59,29.92,2.35
37.94,42.05,18.23,1.77
37.46,41.00,19.63,1.91
34.41,35.28,28.09,2.22
35.81,37.66,24.64,1.90
34.06,34.17,29.48,2.28
33.88,33.19,30.97,1.95
36.68,38.70,22.48,2.14
37.29,41.18,19.59,1.94
34.50,34.97,28.66,1.87
37.78,39.20,21.14,1.88
35.25,36.54,26.27,1.95
35.69,37.72,24.71,1.88
37.10,39.89,21.08,1.94
35.32,35.28,27.23,2.18
35.28,35.32,27.51,1.89
34.74,35.46,27.72,2.08
33.87,33.89,30.06,2.19
37.48,39.90,20.59,2.03
33.87,33.66,30.11,2.36
33.74,34.07,30.19,2.00
33.87,35.83,27.79,2.52
34.05,35.20,28.79,1.97
33.76,33.72,30.49,2.03
33.91,34.65,29.21,2.23
36.44,38.60,22.62,2.33
36.90,39.08,22.17,1.84
33.97,34.07,30.13,1.83
33.97,33.52,30.61,1.90
36.35,38.81,23.02,1.82
33.80,33.47,30.56,2.18
37.14,39.79,21.03,2.04
34.12,35.83,27.81,2.25
37.45,38.28,22.20,2.07
36.51,37.35,23.69,2.45
35.36,35.15,27.04,2.45
33.35,32.48,31.94,2.23
37.68,41.50,18.80,2.02
36.70,39.44,21.68,2.17
34.93,35.15,27.54,2.38
33.93,32.93,30.99,2.16
37.71,39.36,20.92,2.02
36.76,37.85,23.16,2.22
36.09,36.58,25.16,2.18
33.42,32.78,31.41,2.39
33.25,32.47,31.89,2.39
36.49,38.04,23.22,2.25
36.35,37.88,23.92,1.85
36.58,37.02,24.14,2.25
38.94,40.69,18.31,2.06
36.54,36.82,24.50,2.15
38.75,39.94,19.30,2.01
38.37,41.00,18.70,1.93
39.03,40.13,18.82,2.02
38.47,39.38,20.04,2.11
38.03,40.06,19.79,2.12
38.61,40.93,18.62,1.83
38.22,39.43,20.27,2.08
38.84,39.64,19.44,2.09
37.66,39.15,20.95,2.23
37.69,39.43,20.88,2.00
38.13,39.29,20.65,1.94
37.67,39.75,20.53,2.06
38.60,40.39,19.10,1.92
38.03,39.97,19.91,2.09
38.54,39.36,19.90,2.20
37.98,39.86,19.99,2.17
37.55,38.66,21.62,2.17
37.40,39.15,21.24,2.21
38.23,39.71,19.92,2.14
37.57,39.65,20.60,2.17
37.62,39.98,20.08,2.31
37.79,40.92,19.22,2.07
37.72,39.83,20.49,1.96
38.30,40.03,19.40,2.27
37.39,39.67,20.69,2.25
37.78,39.19,20.91,2.12
37.96,39.90,19.90,2.24
37.59,39.39,20.73,2.28
37.98,39.68,20.30,2.04
37.45,39.86,20.64,2.04
37.20,39.75,20.98,2.07
37.87,40.17,19.97,1.99
37.55,40.34,19.98,2.14
37.74,39.78,20.08,2.40
37.27,39.21,21.42,2.10
37.91,39.19,20.82,2.08
37.59,39.80,20.44,2.17
37.49,39.86,20.43,2.23
36.73,38.54,22.65,2.08
37.24,39.15,21.42,2.19
37.60,39.48,20.58,2.35
38.15,39.68,20.00,2.16
37.78,39.05,21.13,2.04
37.25,39.24,21.36,2.15
37.50,39.43,20.82,2.25
36.61,38.15,22.85,2.40
37.67,40.01,20.28,2.03
37.09,39.04,21.68,2.19
37.17,39.75,20.70,2.38
37.03,39.30,21.46,2.21
37.18,39.08,21.50,2.24
37.55,39.44,20.80,2.21
36.97,38.90,22.04,2.09
37.33,39.03,21.21,2.44
37.00,39.14,21.83,2.03
37.46,39.06,21.34,2.14
37.42,39.15,21.26,2.17
37.42,39.66,20.55,2.37
36.72,38.30,22.70,2.28
37.23,39.69,20.88,2.20
36.96,38.35,22.46,2.23
37.72,39.32,20.61,2.35
35.95,37.59,23.95,2.51
37.38,39.72,20.75,2.16
36.77,38.34,22.45,2.44
37.23,40.05,20.68,2.04
36.70,38.37,22.48,2.45
37.32,39.10,21.29,2.29
36.92,38.89,21.92,2.28
36.80,38.44,22.60,2.17
36.56,38.30,22.58,2.56
37.00,38.59,21.53,2.88
36.67,38.55,22.40,2.37
36.60,39.61,21.38,2.41
37.39,38.70,21.52,2.39
36.99,38.36,22.33,2.33
37.04,38.94,21.49,2.52
36.94,38.41,22.31,2.33
37.24,38.16,22.05,2.55
36.64,38.67,22.41,2.28
37.38,38.29,21.95,2.38
37.64,39.25,20.80,2.32
37.09,39.75,21.17,1.98
36.83,37.73,23.04,2.39
36.49,38.60,22.60,2.32
36.65,38.28,22.79,2.29
36.62,38.68,22.49,2.20
36.84,38.31,22.52,2.33
33.88,34.17,29.53,2.42
36.45,37.75,23.63,2.17
36.79,38.01,22.80,2.40
35.75,36.62,25.01,2.62
36.90,39.12,21.62,2.36
36.51,38.47,22.50,2.52
37.26,38.13,22.30,2.30
36.68,38.25,22.78,2.29
36.84,38.54,22.23,2.39
36.43,37.51,23.73,2.33
37.05,38.97,21.76,2.22
36.59,37.91,23.18,2.32
36.95,37.89,22.93,2.23
36.59,37.93,23.05,2.44
36.18,36.81,24.53,2.49
36.65,38.71,22.19,2.45
35.99,38.74,23.14,2.13
36.31,38.11,23.28,2.30
36.37,37.56,23.64,2.42
36.36,37.85,23.33,2.46
35.91,36.67,24.86,2.56
36.27,37.47,23.90,2.36
36.31,37.71,23.52,2.46
36.22,38.33,23.02,2.43
35.77,37.69,24.27,2.27
35.91,37.90,23.82,2.36
35.65,36.69,24.99,2.68
36.47,37.72,23.52,2.30
35.91,37.92,23.91,2.26
36.59,37.44,23.32,2.65
36.70,39.01,22.11,2.18
36.61,38.09,22.96,2.34
36.27,37.09,24.30,2.35
35.95,37.46,24.13,2.46
35.87,37.23,24.49,2.41
36.28,37.31,24.12,2.29
35.50,37.35,24.87,2.27
36.38,37.18,24.06,2.39
36.35,37.48,23.66,2.51
35.82,37.17,24.61,2.41
35.39,37.76,24.47,2.38
34.96,37.02,25.47,2.56
35.81,37.40,24.17,2.62
35.23,36.31,25.95,2.51
35.67,36.57,25.18,2.57
35.54,37.93,24.20,2.33
34.85,35.64,27.03,2.48
34.64,36.16,26.70,2.50
36.50,37.26,23.77,2.46
35.85,36.84,24.69,2.61
35.66,36.73,24.95,2.66
35.89,36.84,24.93,2.34
35.87,36.17,25.39,2.57
36.06,36.14,25.24,2.57
33.57,34.16,29.91,2.36
35.56,37.07,24.91,2.46
34.81,34.69,27.76,2.74
34.65,35.41,27.35,2.58
35.85,36.36,25.06,2.73
34.95,36.34,26.26,2.45
35.54,37.44,24.68,2.34
35.27,37.23,25.27,2.24
35.36,36.29,25.71,2.64
33.80,33.89,29.64,2.66
35.25,36.13,26.10,2.53
35.68,37.25,24.77,2.30
35.82,37.55,24.23,2.40
35.57,36.96,25.10,2.37
35.20,36.23,25.83,2.74
34.53,35.16,27.56,2.75
35.43,36.70,25.36,2.51
35.95,36.70,24.78,2.56
35.17,35.99,26.14,2.71
35.17,36.27,25.83,2.73
34.93,36.07,26.45,2.55
34.73,35.42,27.27,2.57
35.15,36.69,25.67,2.49
35.63,35.23,26.44,2.69
34.58,35.70,27.38,2.34
35.11,35.11,27.27,2.51
34.66,35.82,26.80,2.72
34.95,35.69,26.87,2.49
35.37,37.24,25.10,2.30
34.39,36.30,26.49,2.83
35.06,36.47,25.97,2.50
34.63,35.41,27.27,2.69
33.97,35.08,28.40,2.55
34.55,34.98,27.85,2.62
35.40,35.65,26.30,2.65
35.41,36.95,25.29,2.35
35.00,36.43,25.99,2.59
35.77,36.10,25.53,2.60
34.78,34.79,27.51,2.93
34.89,35.38,27.12,2.61
34.54,35.01,27.80,2.66
31.33,30.83,35.47,2.37
34.66,35.50,27.13,2.71
34.83,34.58,27.73,2.85
34.46,35.21,27.77,2.56
34.29,34.30,28.61,2.79
34.17,34.33,28.89,2.61
34.32,34.96,27.96,2.77
34.37,35.19,27.88,2.56
34.38,34.96,27.98,2.68
34.47,34.66,28.18,2.69
34.47,37.48,25.53,2.52
34.44,35.68,27.28,2.60
34.34,34.98,28.04,2.64
34.15,34.28,28.73,2.83
33.91,34.99,28.57,2.54
33.96,33.91,29.27,2.86
34.50,34.00,28.79,2.71
34.51,34.74,28.09,2.65
33.67,34.77,28.93,2.63
33.82,33.63,29.76,2.79
33.83,34.66,28.72,2.79
33.97,34.75,28.79,2.50
34.17,35.00,28.14,2.68
33.68,33.49,30.07,2.76
33.51,33.77,29.97,2.74
33.51,33.18,30.63,2.69
33.52,32.91,30.92,2.65
34.11,34.32,29.01,2.56
33.63,33.88,29.64,2.85
33.87,34.62,28.86,2.65
32.97,32.86,31.38,2.78
33.80,33.57,29.96,2.67
33.72,33.86,29.59,2.83
33.48,34.00,29.66,2.85
33.52,33.36,30.41,2.70
33.65,34.17,29.49,2.69
33.60,33.86,29.71,2.82
33.76,33.88,29.60,2.76
33.17,33.76,30.48,2.60
33.31,32.80,31.08,2.81
33.25,33.25,30.79,2.71
32.78,32.56,31.75,2.90
33.27,32.92,30.94,2.87
33.12,32.62,31.38,2.89
32.84,32.41,31.95,2.80
33.17,33.21,30.85,2.76
32.65,32.02,32.59,2.74
32.66,32.50,32.17,2.67
32.68,32.35,32.31,2.66
32.75,32.53,31.75,2.98
32.67,32.19,32.19,2.94
31.79,31.47,34.03,2.71
33.23,32.87,31.28,2.61
33.03,34.81,29.59,2.57
32.84,32.52,31.92,2.72
32.80,32.69,31.74,2.77
33.50,33.19,30.37,2.94
33.25,32.07,31.85,2.83
31.28,30.69,35.23,2.81
31.30,30.69,34.97,3.03
31.74,30.44,35.05,2.77
31.53,30.32,35.32,2.84
32.41,31.51,33.19,2.89
31.91,30.38,35.01,2.70
32.01,31.07,34.19,2.74
32.06,31.27,33.99,2.68
31.99,31.24,34.00,2.77
31.95,30.35,34.92,2.78
31.87,30.49,34.70,2.94
32.06,30.95,34.10,2.89
32.15,30.99,34.10,2.75
31.63,30.53,34.92,2.91
30.72,29.65,36.97,2.65
32.26,31.26,33.72,2.77
31.96,30.82,34.50,2.72
32.13,30.75,34.28,2.84
32.29,31.27,33.59,2.84
30.98,29.75,36.42,2.85
29.91,28.45,38.51,3.14
31.04,30.09,36.09,2.78
31.44,29.49,36.33,2.73
31.50,29.89,35.91,2.70
31.66,29.54,35.95,2.85
30.96,28.61,37.69,2.74
31.20,30.25,35.85,2.70
30.89,29.26,37.10,2.76
31.10,30.05,36.13,2.71
31.05,29.20,37.02,2.74
31.22,29.30,36.65,2.83
31.17,29.55,36.52,2.77
31.26,29.34,36.58,2.82
31.17,29.74,36.30,2.79
30.89,29.10,37.14,2.87
31.15,29.30,36.73,2.81
30.89,29.37,36.92,2.83
31.17,29.21,36.84,2.77
31.47,29.25,36.47,2.81
30.94,28.71,37.44,2.91
30.33,28.05,38.74,2.88
30.24,28.27,38.53,2.95
30.68,28.71,37.76,2.85
30.07,27.86,39.12,2.96
29.74,27.55,39.84,2.87
29.81,27.72,39.62,2.85
29.94,28.35,38.87,2.85
30.25,28.20,38.82,2.73
30.59,28.07,38.53,2.80
30.13,27.80,39.15,2.93
29.75,27.30,40.02,2.93
30.06,27.68,39.33,2.93
29.94,28.18,38.93,2.95
30.01,27.65,39.49,2.84
30.03,27.39,39.68,2.90
29.93,27.46,39.71,2.90
29.72,27.22,40.10,2.96
30.43,27.57,39.17,2.84
29.91,27.46,39.71,2.92
30.03,27.86,39.26,2.85
29.86,27.25,40.01,2.89
29.83,27.29,40.00,2.89
29.78,27.23,40.06,2.93
30.06,27.89,38.99,3.06
30.05,27.96,38.99,3.00
29.74,27.65,39.73,2.87
30.16,28.01,38.90,2.93
30.08,27.81,39.22,2.89
30.02,27.47,39.59,2.92
29.83,27.86,39.48,2.82
30.02,27.83,39.21,2.94
30.12,27.71,39.27,2.90
30.43,27.71,38.94,2.92
29.91,27.72,39.36,3.01
29.79,28.22,39.20,2.79
29.86,28.12,38.79,3.23
30.50,29.13,37.56,2.81
29.63,27.39,39.96,3.01
29.68,27.60,39.86,2.86
29.93,27.49,39.66,2.92
29.91,27.90,39.34,2.84
29.78,27.56,39.81,2.85
29.96,27.45,39.61,2.98
29.88,28.69,38.56,2.87
29.62,28.10,39.26,3.02
29.89,27.60,39.63,2.88
30.01,27.51,39.53,2.95
30.03,27.54,39.53,2.91
30.11,27.81,39.11,2.96
29.95,27.43,39.74,2.87
29.56,27.34,40.21,2.89
30.66,29.06,37.45,2.83
30.34,27.45,39.34,2.87
29.92,28.13,39.06,2.89
29.95,27.69,39.48,2.88
30.03,27.51,39.62,2.84
29.99,27.94,39.12,2.94
30.08,27.63,39.44,2.85
29.81,27.38,39.97,2.85
29.97,27.30,39.86,2.87
30.22,28.12,38.77,2.89
29.72,27.46,39.92,2.89
29.83,27.22,40.02,2.93
29.95,27.63,39.57,2.84
30.16,27.66,39.33,2.85
30.06,27.70,39.33,2.92
30.10,27.94,38.98,2.98
29.86,27.22,39.88,3.05
30.28,27.97,38.76,2.99
29.98,27.32,39.76,2.94
29.97,27.28,39.84,2.91
30.20,28.06,38.79,2.95
30.47,27.91,38.69,2.93
30.03,27.65,39.45,2.87
30.10,27.46,39.54,2.90
30.36,28.64,38.03,2.98
29.85,28.12,39.03,3.00
30.11,27.73,39.09,3.07
30.01,27.92,39.02,3.04
29.78,27.25,39.88,3.09
29.58,27.20,40.24,2.98
30.09,27.63,39.40,2.88
30.00,27.55,39.44,3.01
29.92,27.59,39.50,2.99
29.85,27.29,39.97,2.89
30.07,27.62,39.44,2.87
29.82,28.35,38.97,2.86
29.31,28.28,39.48,2.94
30.49,27.51,39.09,2.91
29.91,27.69,39.54,2.86
30.04,27.37,39.77,2.83
30.31,27.43,39.33,2.92
30.55,28.67,37.79,2.99
30.06,28.07,38.92,2.95
30.01,27.37,39.73,2.89
30.02,27.63,39.40,2.95
30.11,27.76,39.03,3.10
29.85,28.19,38.95,3.01
30.07,27.92,39.18,2.83
29.95,27.91,39.34,2.81
29.97,27.77,39.34,2.92
29.94,27.83,39.32,2.91
30.18,27.57,39.38,2.86
30.04,28.10,38.87,3.00
30.16,27.55,39.36,2.93
30.39,27.79,38.94,2.88
29.71,27.60,39.60,3.09
29.90,27.59,39.61,2.90
30.30,27.45,39.39,2.86
30.17,27.64,39.29,2.90
30.14,27.56,39.37,2.93
30.38,28.03,38.57,3.02
30.07,27.39,39.58,2.96
29.36,26.99,40.76,2.89
29.36,26.32,41.47,2.85
29.29,26.84,40.80,3.07
29.22,26.30,41.56,2.92
29.29,26.19,41.69,2.84
29.32,26.36,41.43,2.89
29.34,26.66,41.08,2.92
29.48,27.32,40.31,2.88
29.16,26.55,41.40,2.89
29.37,27.14,40.43,3.05
28.93,26.36,41.73,2.98
29.16,26.15,41.88,2.81
29.05,26.25,41.86,2.84
29.12,26.04,42.01,2.83
29.03,26.24,41.86,2.87
29.34,25.96,41.73,2.97
28.75,25.40,42.89,2.96
28.81,25.98,42.43,2.78
29.20,25.52,42.44,2.84
29.14,26.77,41.06,3.03
28.31,25.45,43.14,3.09
27.81,24.23,45.09,2.87
27.96,24.57,44.21,3.26
28.10,24.86,44.27,2.77
28.11,25.27,43.61,3.01
27.94,25.17,43.68,3.22
27.92,23.96,44.96,3.15
27.47,23.63,45.68,3.22
27.58,23.34,46.10,2.98
27.41,23.57,46.01,3.00
27.39,23.68,45.69,3.23
27.31,23.54,46.26,2.89
27.38,23.38,46.33,2.92
27.25,23.41,46.45,2.89
27.21,23.44,46.41,2.94
27.37,23.51,46.07,3.05
27.28,23.32,46.53,2.87
27.42,23.40,46.07,3.11
27.52,23.12,46.38,2.98
27.76,23.34,45.81,3.09
27.33,23.40,46.39,2.88
27.42,23.33,46.20,3.05
27.74,23.90,45.33,3.03
27.44,23.55,45.96,3.05
27.40,23.60,45.91,3.09
27.29,23.37,46.41,2.93
27.46,23.47,46.10,2.97
27.40,23.67,45.83,3.10
27.43,23.46,45.75,3.36
27.36,23.49,46.29,2.86
27.57,23.44,45.86,3.13
27.37,23.58,45.96,3.09
27.39,23.68,45.77,3.16
27.51,23.76,45.52,3.21
27.44,23.49,46.13,2.94
27.57,23.58,45.62,3.23
27.49,23.66,45.54,3.30
27.63,23.48,45.42,3.47
27.29,23.48,46.11,3.12
27.50,23.16,46.25,3.09
27.28,23.63,46.18,2.91
27.35,23.42,46.15,3.08
27.40,23.67,45.69,3.24
27.48,23.19,46.17,3.15
27.47,23.48,45.92,3.12
27.43,23.52,45.92,3.13
27.57,23.44,45.64,3.34
27.56,23.78,45.49,3.17
27.40,23.52,46.02,3.05
27.65,23.43,45.55,3.36
27.29,23.40,46.03,3.28
27.38,23.50,46.15,2.96
27.46,23.35,46.21,2.99
27.55,24.39,44.90,3.16
27.45,23.30,46.03,3.22
27.33,23.35,46.37,2.95
27.40,23.48,46.08,3.04
27.37,23.45,46.14,3.04
27.28,23.46,46.14,3.12
27.20,23.45,46.36,2.98
27.58,23.61,45.88,2.94
27.59,23.34,45.98,3.09
27.38,23.32,46.22,3.08
27.49,23.27,46.29,2.96
27.46,23.48,46.21,2.84
27.65,23.28,46.11,2.95
27.42,23.41,46.11,3.06
27.36,23.22,46.07,3.36
27.43,23.43,46.19,2.95
27.46,23.46,45.91,3.17
27.33,23.36,46.36,2.95
27.60,23.20,45.97,3.24
27.60,23.20,46.07,3.13
27.38,23.35,46.32,2.95
27.29,23.45,46.19,3.07
27.41,23.59,45.97,3.03
27.27,23.42,46.32,3.00
27.24,23.21,46.49,3.06
27.73,23.33,45.93,3.01
27.19,23.51,46.14,3.16
27.43,23.37,46.30,2.91
27.37,23.47,46.18,2.98
27.43,23.40,46.13,3.03
27.59,23.38,45.75,3.28
27.42,23.41,46.02,3.15
27.27,23.35,46.28,3.11
27.29,23.58,46.08,3.05
27.49,23.46,46.08,2.96
27.30,23.50,45.98,3.22
27.50,23.39,46.08,3.03
27.30,23.27,46.44,3.00
27.36,23.38,46.28,2.98
27.50,23.24,46.22,3.04
27.64,24.39,44.88,3.09
27.68,23.29,46.01,3.02
27.47,23.18,46.26,3.08
27.27,23.29,46.33,3.11
27.35,23.49,46.01,3.15
27.38,23.32,46.32,2.98
27.36,23.40,46.36,2.88
27.47,23.81,45.54,3.18
27.47,23.60,45.69,3.24
27.44,23.37,45.87,3.32
27.40,23.46,45.81,3.33
27.42,23.27,46.35,2.97
27.58,22.97,46.47,2.98
27.54,23.13,46.14,3.19
27.54,23.44,45.71,3.31
27.45,23.53,45.86,3.15
27.54,23.48,45.83,3.15
27.54,23.45,45.79,3.22
27.90,24.87,44.08,3.14
27.39,23.67,45.83,3.11
27.30,23.63,45.87,3.21
27.38,23.61,45.78,3.23
27.49,23.33,46.14,3.04
27.48,23.45,46.10,2.97
27.62,24.09,45.18,3.12
27.50,23.48,46.07,2.96
27.47,23.35,46.11,3.07
27.51,23.31,46.17,3.02
27.29,23.73,45.66,3.32
27.48,23.17,46.13,3.22
27.53,23.98,45.68,2.81
27.56,23.15,46.05,3.24
27.31,23.35,46.32,3.02
27.44,23.20,46.29,3.07
27.50,23.30,45.94,3.25
27.31,23.36,46.12,3.21
27.51,23.34,46.20,2.95
27.37,23.47,45.94,3.22
27.39,23.19,46.37,3.04
27.18,23.42,46.41,2.98
27.28,23.29,46.29,3.15
27.35,23.28,46.11,3.25
27.38,23.20,46.10,3.32
27.29,23.23,46.46,3.03
27.51,23.28,45.89,3.32
27.46,23.28,46.13,3.13
27.43,23.32,46.22,3.04
27.66,23.24,45.99,3.11
27.37,23.33,46.20,3.11
27.54,23.47,45.85,3.14
27.37,23.41,46.25,2.97
27.34,23.50,45.97,3.19
27.49,23.33,46.12,3.07
27.58,23.38,45.83,3.22
27.56,23.37,45.87,3.20
27.41,23.43,46.06,3.09
27.41,23.29,46.38,2.93
27.53,23.25,46.21,3.01
27.58,23.34,45.95,3.14
27.48,23.26,46.12,3.13
27.69,24.60,44.30,3.41
27.35,23.30,46.16,3.20
27.20,23.34,46.32,3.13
27.66,23.43,45.63,3.28
27.57,23.04,46.30,3.09
27.51,23.34,46.16,2.99
27.43,23.42,45.93,3.22
27.33,23.35,45.97,3.35
27.43,23.10,46.38,3.08
27.64,23.27,46.01,3.07
27.53,23.28,46.14,3.05
27.50,23.53,45.91,3.07
27.48,23.49,45.86,3.18
27.29,23.37,46.47,2.87
27.56,23.21,46.16,3.07
27.62,23.18,46.24,2.96
27.79,23.40,45.32,3.48
27.58,23.56,45.57,3.29
27.69,23.48,45.45,3.38
27.40,23.50,46.24,2.86
27.34,23.39,46.43,2.84
27.31,23.34,46.44,2.91
27.52,23.42,46.03,3.02
28.02,25.96,42.96,3.06
27.59,23.34,46.04,3.03
27.50,23.57,45.69,3.23
27.63,23.77,45.23,3.36
27.28,23.67,45.97,3.08
27.65,24.16,45.21,2.98
27.31,23.34,46.13,3.22
27.36,23.32,46.22,3.11
27.30,23.33,46.11,3.26
27.30,23.51,46.13,3.06
27.37,23.52,45.96,3.14
27.76,24.17,45.11,2.96
27.36,23.29,46.27,3.08
27.23,23.34,46.32,3.10
27.49,23.45,45.94,3.12
27.75,23.27,45.61,3.37
27.44,23.29,46.16,3.11
27.24,23.23,46.49,3.04
27.37,23.34,46.42,2.87
27.28,23.24,46.29,3.19
27.52,23.53,45.94,3.01
27.50,23.32,46.14,3.04
27.63,23.69,45.88,2.80
27.40,23.39,46.17,3.04
27.47,23.49,45.69,3.36
27.54,23.52,45.83,3.11
27.71,24.53,44.75,3.02
27.41,23.42,46.04,3.13
27.64,23.44,45.51,3.40
27.39,23.44,45.79,3.38
27.45,23.59,45.88,3.08
27.49,23.32,46.21,2.98
27.66,23.45,45.84,3.04
27.62,23.57,45.25,3.56
27.52,23.39,45.86,3.24
27.43,23.60,45.94,3.03
27.26,23.35,46.27,3.12
27.43,23.27,46.18,3.13
27.51,23.37,45.67,3.45
27.31,23.41,46.26,3.02
27.45,23.24,46.20,3.11
27.61,23.39,46.00,3.00
27.56,23.40,45.77,3.27
27.50,23.25,46.09,3.17
27.65,23.91,45.51,2.93
27.58,23.42,45.62,3.38
27.41,23.41,46.10,3.08
27.58,23.31,45.94,3.18
27.60,23.74,45.63,3.02
27.51,23.39,45.83,3.27
27.22,23.39,46.38,3.01
27.31,23.43,46.24,3.02
27.51,23.29,46.15,3.06
27.54,23.40,45.79,3.27
27.59,23.31,45.95,3.15
27.44,23.31,46.18,3.06
27.90,23.71,45.32,3.06
27.32,23.35,46.39,2.94
27.33,23.35,46.48,2.84
27.53,24.00,45.33,3.14
27.44,23.47,46.02,3.08
27.70,23.79,45.44,3.06
27.40,23.32,46.00,3.27
27.41,23.11,46.39,3.09
27.48,23.24,46.15,3.12
27.58,23.42,45.50,3.50
27.61,23.40,45.36,3.63
27.34,23.33,46.09,3.24
27.48,23.20,46.28,3.04
27.56,23.21,46.03,3.21
27.71,24.24,44.86,3.19
27.42,23.36,46.03,3.19
27.57,23.50,45.77,3.16
27.64,23.51,45.33,3.51
27.57,23.44,45.70,3.30
27.38,23.19,46.19,3.25
27.43,23.27,46.26,3.04
27.20,23.42,46.42,2.96
27.80,24.47,44.58,3.15
27.19,23.46,46.42,2.93
27.45,23.41,46.11,3.03
27.46,23.16,46.30,3.08
27.47,23.17,46.19,3.17
27.40,23.37,45.98,3.25
27.41,23.69,45.82,3.08
27.77,24.43,44.89,2.91
27.24,23.35,46.30,3.11
27.49,23.08,46.48,2.95
27.52,23.35,46.04,3.09
27.37,23.67,46.03,2.92
27.39,23.45,46.19,2.97
27.45,23.36,46.11,3.08
27.53,23.04,46.64,2.80
27.28,23.43,46.23,3.05
27.68,24.67,44.70,2.95
27.58,23.23,45.95,3.24
27.52,23.29,46.09,3.11
27.38,23.21,46.21,3.19
27.35,23.37,46.14,3.14
27.41,23.05,46.42,3.11
27.45,23.15,46.45,2.96
27.72,22.97,46.16,3.14
27.66,23.36,45.96,3.02
27.51,23.34,46.01,3.13
27.53,23.74,45.61,3.12
27.39,23.47,45.89,3.24
27.42,23.27,46.36,2.95
27.39,23.17,46.33,3.11
27.36,23.32,46.33,2.99
27.24,23.24,46.42,3.10
27.41,23.46,45.91,3.22
27.36,23.37,45.96,3.31
27.22,23.48,46.25,3.05
27.38,23.21,46.41,3.00
27.64,23.25,46.24,2.87
27.71,24.15,45.24,2.91
27.43,23.74,45.69,3.14
27.64,23.09,46.11,3.16
27.54,23.38,45.76,3.32
27.53,23.75,45.49,3.22
27.56,23.21,46.25,2.97
27.43,24.01,45.52,3.04
27.52,23.32,46.10,3.05
27.65,23.19,45.83,3.33
27.56,23.30,45.97,3.17
27.28,23.33,46.32,3.06
27.55,23.13,46.25,3.07
27.79,23.10,45.99,3.12
27.56,23.26,46.12,3.06
27.48,23.30,46.11,3.11
27.52,23.40,45.77,3.31
27.39,23.42,46.20,2.99
27.79,23.14,45.90,3.17
27.40,23.37,46.14,3.09
27.54,23.28,46.08,3.10
27.51,23.18,46.20,3.11
27.24,23.43,46.22,3.10
27.44,23.31,45.92,3.34
27.36,23.12,46.56,2.97
27.38,23.36,46.22,3.03
27.47,23.03,46.53,2.97
27.29,23.31,46.59,2.81
27.55,22.90,46.19,3.36
27.30,23.22,46.44,3.04
27.34,23.21,46.51,2.95
27.50,23.18,46.32,2.99
27.96,25.25,43.67,3.12
27.90,24.76,44.38,2.95
27.42,23.28,46.18,3.12
27.27,23.20,46.44,3.10
27.43,23.19,46.46,2.93
27.62,23.70,45.55,3.13
27.64,24.52,44.66,3.19
27.79,24.64,44.52,3.05
27.44,23.43,45.96,3.18
27.36,23.23,46.19,3.22
27.48,23.32,45.74,3.46
27.26,23.21,46.60,2.92
27.88,24.24,45.03,2.85
28.20,25.06,43.58,3.16
28.12,25.29,43.52,3.07
27.35,23.45,45.99,3.21
27.47,23.34,45.92,3.27
27.57,24.43,44.92,3.08
27.62,22.96,46.06,3.37
27.43,23.20,46.34,3.03
27.35,23.47,45.83,3.35
27.72,24.24,45.09,2.95
27.16,23.39,46.47,2.98
27.17,23.19,46.57,3.07
27.38,23.04,46.43,3.14
27.77,24.08,45.01,3.14
27.33,23.12,46.47,3.07
27.28,23.14,46.49,3.10
27.46,23.26,45.98,3.29
27.27,23.18,46.57,2.97
27.61,24.54,44.81,3.04
27.26,23.19,46.33,3.22
27.42,23.19,46.25,3.14
27.38,23.13,46.61,2.88
27.61,23.21,45.92,3.26
27.31,23.15,46.29,3.25
27.40,23.25,45.71,3.64
27.30,23.41,45.95,3.34
27.15,23.23,46.39,3.23
27.55,23.39,46.04,3.02
27.40,23.18,46.27,3.16
27.39,23.38,45.93,3.30
27.54,23.76,45.41,3.29
27.56,23.40,45.84,3.20
27.48,23.57,45.67,3.29
27.40,22.98,46.57,3.05
27.45,23.15,46.22,3.18
27.47,23.04,46.34,3.15
27.15,23.06,46.81,2.98
27.22,22.98,46.82,2.99
27.20,23.20,46.51,3.09
27.27,23.03,46.61,3.09
27.51,23.14,46.08,3.26
27.32,23.14,46.50,3.05
27.59,23.65,45.60,3.16
27.76,23.93,45.10,3.21
27.42,23.34,46.29,2.96
27.50,23.12,46.33,3.06
27.51,23.12,46.43,2.94
27.48,23.02,46.36,3.14
27.69,24.47,44.84,3.00
27.47,23.58,45.82,3.13
27.19,23.21,46.45,3.16
27.23,23.22,46.09,3.46
27.42,23.15,46.35,3.08
27.15,23.26,46.65,2.94
27.36,23.14,46.30,3.20
27.45,23.36,46.07,3.13
27.43,23.79,45.82,2.96
27.38,23.80,45.74,3.07
27.55,23.64,45.78,3.03
27.16,23.30,46.47,3.07
27.25,23.35,46.20,3.19
27.23,23.42,46.27,3.08
27.33,23.17,46.41,3.09
27.27,23.08,46.31,3.33
27.41,23.28,46.36,2.95
27.31,23.38,46.19,3.12
27.43,23.26,46.10,3.21
27.12,23.01,46.84,3.03
27.24,23.10,46.55,3.11
27.47,22.98,46.45,3.10
27.38,23.05,46.34,3.23
27.37,23.33,46.34,2.95
27.25,23.13,46.68,2.94
27.46,23.43,46.03,3.08
27.36,23.29,46.19,3.16
27.29,23.13,46.15,3.43
27.40,23.64,45.68,3.29
27.21,23.05,46.68,3.06
27.37,23.22,46.33,3.08
27.26,23.36,46.31,3.07
27.42,23.08,46.49,3.01
27.18,23.20,46.75,2.87
27.32,22.90,46.72,3.06
27.28,23.27,46.52,2.93
27.27,23.14,46.57,3.02
27.25,23.33,46.29,3.13
27.36,23.30,46.04,3.30
27.23,23.28,46.17,3.31
27.34,23.10,46.45,3.11
27.43,23.06,46.38,3.12
27.33,22.99,46.49,3.19
27.53,22.96,46.37,3.14
27.22,23.04,46.66,3.09
27.39,22.99,46.54,3.08
27.52,22.98,46.44,3.06
27.45,23.34,45.75,3.46
27.52,23.12,46.14,3.22
27.34,23.07,46.59,3.01
27.11,22.88,47.00,3.01
27.30,22.95,46.81,2.93
27.20,23.04,46.77,2.98
27.56,23.15,46.11,3.18
27.37,23.06,46.45,3.13
27.30,22.89,46.80,3.01
27.38,23.27,46.28,3.07
27.43,23.13,46.24,3.21
27.73,24.10,45.00,3.17
27.38,23.01,46.67,2.94
27.24,23.01,46.72,3.02
27.34,22.94,46.74,2.98
27.39,23.02,46.52,3.07
27.45,23.46,46.03,3.06
27.22,23.24,46.36,3.19
27.21,23.23,46.61,2.95
27.10,23.03,46.71,3.17
27.31,23.02,46.65,3.02
27.46,22.85,46.73,2.96
27.43,23.13,46.42,3.02
27.32,23.07,46.48,3.13
27.35,23.01,46.55,3.09
27.55,23.06,46.37,3.03
27.40,23.26,46.46,2.88
27.23,23.31,46.44,3.03
27.17,23.13,46.80,2.90
27.28,23.16,46.76,2.80
27.29,23.05,46.61,3.05
27.45,22.96,46.54,3.05
27.38,22.95,46.82,2.84
27.30,22.85,46.86,2.99
27.34,22.67,47.03,2.96
27.35,22.88,46.86,2.91
27.28,22.80,46.77,3.15
27.41,23.37,46.05,3.16
27.19,23.00,46.70,3.11
27.26,23.00,46.75,2.98
27.15,22.97,46.91,2.97
27.38,23.15,46.30,3.16
27.30,23.08,46.45,3.18
27.44,23.06,46.42,3.08
27.60,23.64,45.69,3.07
27.39,23.06,46.66,2.89
27.22,23.06,46.84,2.89
27.18,23.08,46.61,3.12
27.07,23.08,46.81,3.04
27.27,22.90,46.93,2.90
27.30,23.09,46.44,3.18
27.45,22.91,46.76,2.87
27.20,22.95,46.86,2.99
27.25,23.31,46.38,3.06
27.12,23.17,46.75,2.95
27.18,23.13,46.41,3.28
27.26,23.20,46.31,3.23
27.26,23.24,46.54,2.96
27.26,23.09,46.74,2.92
27.30,23.22,46.33,3.15
27.29,22.88,46.93,2.90
27.28,23.15,46.39,3.18
27.21,23.07,46.65,3.08
27.36,22.95,46.71,2.98
27.30,22.84,46.96,2.91
27.26,23.14,46.48,3.11
27.41,23.28,46.39,2.91
27.57,23.91,45.55,2.96
27.71,24.33,44.94,3.02
27.31,23.29,46.12,3.28
27.40,23.14,46.24,3.22
27.29,23.08,46.85,2.78
27.44,23.07,46.41,3.08
27.14,23.17,46.73,2.96
27.37,23.11,46.58,2.94
27.18,23.14,46.73,2.95
27.02,23.05,46.98,2.96
27.21,23.10,46.73,2.97
27.17,23.05,46.71,3.07
27.39,23.09,46.48,3.03
27.35,22.93,46.62,3.10
27.25,23.11,46.59,3.05
27.12,23.36,46.70,2.83
27.34,23.16,46.45,3.05
27.38,23.04,46.63,2.95
27.16,22.91,46.62,3.31
27.29,23.13,46.62,2.96
27.31,23.16,46.51,3.02
27.26,23.17,46.44,3.13
27.14,23.14,46.83,2.89
27.10,22.94,47.11,2.86
27.12,23.20,46.79,2.88
27.21,23.23,46.39,3.16
27.16,22.97,46.79,3.08
27.33,23.18,46.48,3.01
27.46,23.65,45.89,3.00
27.54,24.07,45.46,2.93
27.11,23.32,46.55,3.02
27.23,23.13,46.46,3.19
27.32,23.12,46.43,3.13
27.32,22.94,46.70,3.04
27.21,22.98,46.90,2.91
27.28,23.10,46.67,2.95
27.32,23.02,46.62,3.04
27.40,23.08,46.59,2.94
27.19,22.94,46.86,3.01
27.26,22.96,46.75,3.04
27.24,22.82,46.86,3.08
27.38,23.01,46.49,3.12
27.57,23.32,45.82,3.28
27.35,23.03,46.47,3.16
27.46,23.25,46.26,3.03
27.30,23.09,46.61,3.00
27.41,23.01,46.61,2.98
27.50,23.05,46.47,2.98
27.48,23.67,45.82,3.03
27.32,23.65,46.00,3.02
27.22,23.18,46.60,3.01
27.31,23.05,46.73,2.92
27.60,23.17,45.92,3.31
27.33,23.23,46.35,3.09
27.45,23.11,46.53,2.90
27.25,23.12,46.65,2.98
27.21,23.34,46.51,2.94
27.40,23.09,46.51,3.01
27.36,23.12,46.52,3.00
27.05,22.99,46.99,2.97
27.18,22.95,46.71,3.16
27.35,23.04,46.38,3.23
27.26,23.18,46.26,3.30
27.28,22.95,46.69,3.08
27.33,22.95,46.68,3.04
27.40,22.98,46.76,2.86
27.39,22.94,46.69,2.98
27.24,22.96,46.77,3.03
27.30,23.01,46.60,3.08
27.43,23.18,46.16,3.23
27.45,23.00,46.38,3.18
27.36,22.86,46.79,2.98
27.17,23.19,46.76,2.88
27.30,22.89,46.70,3.12
27.20,23.11,46.72,2.96
27.19,23.22,46.56,3.02
27.22,23.38,46.47,2.92
27.33,23.21,46.47,3.00
27.37,23.08,46.37,3.18
27.16,23.12,46.55,3.17
27.20,23.04,46.80,2.96
27.34,22.81,46.90,2.96
27.45,22.96,46.62,2.97
27.46,23.26,46.22,3.07
27.26,23.12,46.64,2.98
27.28,23.05,46.68,2.98
27.37,23.25,46.38,3.00
27.41,23.12,46.43,3.04
27.18,23.08,46.60,3.13
27.37,22.98,46.60,3.05
27.19,23.15,46.56,3.09
27.32,23.01,46.61,3.06
27.35,22.72,46.85,3.08
27.28,23.08,46.64,3.01
27.31,22.99,46.75,2.96
27.18,23.14,46.71,2.97
27.34,22.76,46.95,2.95
27.41,23.17,46.24,3.18
27.33,22.96,46.71,3.00
27.46,23.54,45.90,3.10
27.26,23.20,46.60,2.93
27.37,23.24,46.06,3.33
27.56,23.79,45.77,2.89
27.21,23.05,46.70,3.03
27.42,23.16,46.41,3.01
27.57,23.55,45.80,3.08
27.28,23.17,46.61,2.94
27.37,23.25,46.39,2.99
27.35,23.04,46.55,3.06
27.32,23.16,46.40,3.12
27.27,22.99,46.58,3.17
27.36,23.14,46.26,3.24
27.30,23.14,46.41,3.16
27.32,22.97,46.64,3.07
27.24,23.24,46.36,3.16
27.08,23.02,46.82,3.08
27.23,23.04,46.78,2.94
27.44,23.00,46.66,2.90
27.38,23.17,46.47,2.99
27.13,23.15,46.81,2.91
27.13,23.21,46.72,2.95
27.34,23.01,46.60,3.06
27.47,22.97,46.57,2.98
27.36,23.22,46.44,2.98
27.28,23.28,46.41,3.03
27.44,22.84,46.45,3.27
27.27,22.92,46.57,3.24
27.30,22.96,46.51,3.23
27.21,23.03,46.69,3.07
27.43,23.18,46.18,3.21
27.39,23.16,46.36,3.09
27.38,23.18,46.38,3.06
27.42,22.92,46.43,3.24
27.45,23.52,45.93,3.10
27.25,23.10,46.52,3.14
27.49,23.11,45.98,3.42
27.03,23.07,46.81,3.09
27.42,23.29,45.97,3.31
27.31,23.09,46.66,2.94
27.11,23.18,46.81,2.90
27.43,22.73,46.83,3.01
27.31,22.94,46.75,3.00
27.60,23.12,46.28,2.99
27.33,23.21,46.43,3.02
27.40,22.94,46.74,2.92
27.27,23.03,46.64,3.06
27.19,22.99,46.87,2.95
27.11,22.91,47.05,2.93
27.26,22.85,46.84,3.05
27.26,22.90,46.71,3.14
27.40,22.76,46.85,3.00
27.11,23.20,46.64,3.04
27.45,22.89,46.46,3.20
27.56,23.18,45.95,3.32
27.23,22.93,46.83,3.01
27.09,22.98,46.89,3.04
27.33,23.03,46.46,3.18
27.70,22.92,46.03,3.35
27.19,23.21,46.28,3.31
27.68,22.83,46.39,3.10
27.31,22.98,46.60,3.12
27.49,23.01,46.59,2.90
27.18,23.00,46.75,3.06
27.32,23.16,46.48,3.04
27.32,23.08,46.57,3.03
27.03,23.35,46.44,3.18
27.53,23.09,46.28,3.11
27.25,23.10,46.69,2.96
27.04,22.94,46.93,3.08
27.32,22.84,46.72,3.12
27.33,23.06,46.53,3.08
27.12,23.17,46.77,2.94
27.37,22.94,46.67,3.01
27.31,23.16,46.40,3.14
27.23,22.97,46.52,3.27
27.17,22.99,46.61,3.24
27.39,22.92,46.65,3.04
27.46,23.15,46.29,3.10
27.49,23.06,46.10,3.35
27.32,23.13,46.41,3.14
27.65,24.01,45.11,3.23
27.57,23.56,45.65,3.22
27.56,22.94,46.21,3.29
27.20,23.14,46.56,3.10
27.08,23.02,46.90,3.01
27.30,23.06,46.63,3.01
27.15,23.08,46.74,3.03
27.27,22.80,46.97,2.96
27.23,22.96,46.78,3.03
27.26,22.82,46.86,3.07
27.23,23.03,46.75,3.00
27.23,22.97,46.88,2.93
27.42,22.77,46.83,2.98
27.28,22.90,46.90,2.93
27.30,23.08,46.36,3.26
27.54,22.79,46.46,3.21
27.14,23.35,46.25,3.26
27.35,23.09,46.46,3.10
27.32,23.19,46.35,3.15
27.53,23.15,46.37,2.95
27.20,23.20,46.44,3.16
27.59,23.91,45.43,3.07
27.15,23.04,46.97,2.84
27.25,23.19,46.33,3.23
27.46,22.99,46.38,3.17
27.26,23.07,46.57,3.11
27.39,23.02,46.29,3.31
27.23,22.92,46.70,3.15
27.31,23.17,46.49,3.03
27.43,22.99,46.30,3.28
27.26,23.12,46.41,3.21
27.17,23.05,46.67,3.11
27.50,22.82,46.60,3.07
27.11,23.06,46.80,3.03
27.20,22.94,46.76,3.09
27.32,22.76,46.70,3.23
27.43,22.94,46.73,2.90
27.29,23.09,46.51,3.11
27.34,22.97,46.63,3.05
27.35,22.88,46.66,3.11
27.19,23.14,46.60,3.08
27.44,23.28,46.05,3.23
27.50,23.02,46.41,3.06
27.17,23.19,46.58,3.06
27.33,23.12,46.42,3.13
27.30,23.12,46.38,3.20
27.42,23.12,46.20,3.26
27.30,23.15,46.37,3.18
27.34,23.00,46.65,3.01
27.41,22.88,46.54,3.17
27.30,23.39,46.20,3.11
27.21,23.26,46.55,2.98
27.32,22.94,46.64,3.11
27.18,22.95,46.77,3.09
27.29,23.09,46.66,2.95
27.37,23.01,46.38,3.25
27.38,22.93,46.56,3.13
27.14,22.92,46.98,2.95
27.34,22.94,46.65,3.07
26.99,23.06,47.03,2.91
27.30,23.08,46.50,3.12
27.11,23.14,46.51,3.24
27.21,23.04,46.68,3.08
27.44,23.19,46.36,3.01
27.32,22.92,46.72,3.04
27.36,23.20,46.37,3.06
27.35,23.10,46.28,3.26
27.24,22.93,46.77,3.06
27.42,22.91,46.30,3.37
27.33,22.75,47.07,2.85
27.12,22.83,46.64,3.42
27.44,22.86,46.77,2.92
27.33,22.94,46.75,2.97
27.29,22.92,46.73,3.07
27.41,22.91,46.61,3.08
27.31,22.90,46.88,2.92
27.45,22.70,46.88,2.98
27.30,23.00,46.57,3.13
27.28,23.17,46.42,3.13
27.37,23.00,46.31,3.31
27.32,22.95,46.67,3.06
27.47,22.94,46.42,3.17
27.24,22.94,46.72,3.10
27.41,22.95,46.24,3.40
27.47,22.77,46.82,2.94
27.05,22.97,47.06,2.91
27.10,23.13,46.79,2.98
27.48,23.16,46.17,3.19
27.29,23.16,46.55,3.00
27.27,23.14,46.23,3.36
27.41,23.00,46.54,3.06
27.20,23.21,46.66,2.92
27.19,22.92,46.87,3.02
27.31,22.94,46.81,2.95
27.13,23.13,46.74,3.00
27.32,22.60,46.87,3.21
27.32,22.79,46.66,3.23
27.36,23.08,46.57,3.00
27.19,22.99,46.79,3.02
27.04,23.07,46.81,3.07
27.35,22.72,46.90,3.02
27.34,23.06,46.41,3.19
27.38,23.21,46.42,3.00
27.18,22.98,46.80,3.03
27.36,22.94,46.72,2.98
27.22,22.84,46.83,3.11
27.30,22.93,46.81,2.97
27.37,22.95,46.71,2.97
27.03,23.05,46.83,3.09
27.21,23.13,46.79,2.87
27.18,22.98,46.97,2.86
27.17,22.84,47.11,2.88
27.28,22.89,46.91,2.92
27.38,22.95,46.70,2.98
27.33,22.84,46.72,3.12
27.30,22.84,46.72,3.14
27.38,23.10,46.65,2.87
27.26,23.23,46.57,2.94
27.24,23.10,46.76,2.90
27.39,22.91,46.67,3.03
27.37,23.03,46.65,2.95
27.20,23.01,46.86,2.93
27.25,22.90,46.89,2.96
27.44,22.84,46.63,3.09
27.26,22.75,47.14,2.84
27.23,22.96,46.69,3.12
27.21,22.96,46.76,3.07
27.25,23.19,46.47,3.09
27.36,22.91,46.85,2.88
27.23,23.05,46.72,3.00
27.29,23.16,46.52,3.02
27.29,22.85,46.96,2.90
27.12,23.32,46.55,3.01
27.29,23.07,46.66,2.98
27.08,22.98,47.00,2.94
27.27,22.91,46.92,2.89
27.22,23.22,46.37,3.19
27.28,23.02,46.36,3.34
27.35,22.97,46.55,3.12
27.29,23.12,46.58,3.02
27.41,23.10,46.37,3.12
27.35,22.85,46.83,2.97
27.45,22.91,46.59,3.05
27.15,23.24,46.51,3.11
27.30,22.99,46.66,3.05
27.34,22.98,46.37,3.31
27.29,23.02,46.66,3.02
27.28,23.20,46.50,3.02
27.44,22.87,46.58,3.11
27.33,23.01,46.62,3.04
27.21,23.04,46.38,3.37
27.29,23.03,46.49,3.19
27.34,22.90,46.56,3.20
27.33,22.95,46.70,3.02
27.15,23.02,46.78,3.05
27.36,22.92,46.72,3.00
27.35,22.99,46.62,3.04
27.33,22.99,46.62,3.05
27.33,23.02,46.48,3.17
27.28,22.89,46.74,3.10
27.14,23.16,46.43,3.27
27.29,22.82,46.60,3.29
27.39,23.02,46.22,3.38
27.40,23.05,46.48,3.06
27.24,23.26,46.29,3.21
27.51,23.02,46.32,3.15
27.19,22.82,47.03,2.96
27.23,23.00,46.89,2.89
27.26,23.02,46.68,3.04
27.43,22.79,46.80,2.98
27.36,22.92,46.69,3.04
27.17,23.02,46.82,2.99
27.22,23.08,46.56,3.14
27.25,22.93,46.83,2.99
27.16,22.92,46.92,3.00
27.54,22.92,46.37,3.17
27.33,22.92,46.78,2.98
27.46,23.14,46.16,3.23
27.63,24.67,44.31,3.39
27.45,23.00,46.24,3.30
27.18,23.09,46.73,3.00
27.42,22.75,46.87,2.96
27.35,22.98,46.72,2.95
27.30,23.09,46.61,3.00
27.16,23.02,46.84,2.98
27.30,22.99,46.76,2.96
27.19,22.96,46.90,2.95
27.41,23.14,46.16,3.30
27.41,23.16,46.47,2.96
27.24,22.86,46.85,3.04
27.34,22.93,46.60,3.12
27.31,22.88,46.78,3.02
27.13,22.96,46.88,3.03
27.34,23.03,46.52,3.10
27.32,23.08,46.34,3.26
27.21,23.01,46.67,3.10
27.13,23.12,46.82,2.92
27.30,23.07,46.45,3.17
27.26,23.08,46.62,3.04
27.43,23.15,46.23,3.18
27.34,23.07,46.36,3.23
27.31,22.97,46.63,3.09
27.10,23.32,46.40,3.18
27.26,22.84,46.85,3.05
27.44,22.93,46.42,3.21
27.18,22.87,46.84,3.11
27.18,22.89,46.85,3.08
27.36,22.87,46.80,2.97
27.15,23.12,46.81,2.92
27.15,22.92,46.79,3.14
27.15,23.06,46.79,2.99
27.27,22.95,46.68,3.10
27.43,22.95,46.66,2.96
27.33,23.02,46.56,3.10
27.16,23.18,46.70,2.96
27.51,23.08,46.36,3.05
27.28,23.11,46.56,3.05
27.32,22.89,46.56,3.24
27.14,23.13,46.59,3.14
27.28,22.98,46.68,3.06
27.27,22.92,46.80,3.00
27.54,22.86,46.38,3.22
27.18,23.05,46.70,3.07
27.47,22.94,46.60,2.99
27.16,23.04,46.76,3.04
27.09,23.02,46.95,2.95
27.32,23.08,46.51,3.09
27.20,23.02,46.86,2.92
27.22,22.89,46.75,3.14
27.27,22.88,46.64,3.20
27.34,23.06,46.49,3.11
27.44,22.96,46.51,3.09
27.28,23.12,46.63,2.96
27.38,22.87,46.47,3.27
27.37,23.16,46.17,3.30
27.35,22.79,46.75,3.11
27.27,23.12,46.81,2.80
27.29,23.05,46.72,2.94
27.34,23.24,46.25,3.17
27.08,22.93,46.77,3.22
27.39,22.94,46.51,3.17
27.10,23.07,46.68,3.16
27.33,23.00,46.57,3.11
27.28,22.95,46.53,3.24
27.27,22.81,46.90,3.01
27.58,23.74,45.47,3.21
27.54,22.83,46.63,2.99
27.07,23.01,47.00,2.93
27.30,22.96,46.79,2.94
27.50,22.79,46.66,3.05
27.36,22.89,46.81,2.94
27.10,22.86,46.96,3.08
27.23,23.01,46.91,2.85
27.36,22.75,46.93,2.96
27.52,22.72,46.56,3.20
27.31,22.99,46.61,3.09
27.28,23.15,46.55,3.02
27.38,23.06,46.47,3.09
27.46,22.86,46.63,3.05
27.12,23.06,46.91,2.91
27.39,22.90,46.80,2.91
27.26,22.98,46.78,2.97
27.31,23.10,46.50,3.09
27.31,23.03,46.60,3.06
27.34,23.00,46.68,2.98
27.25,22.94,46.85,2.95
27.28,23.13,46.44,3.15
27.24,22.83,46.73,3.20
27.37,22.72,46.87,3.04
27.22,22.95,46.81,3.03
27.35,22.92,46.76,2.97
27.34,22.73,46.88,3.06
27.39,23.17,46.47,2.97
27.26,23.06,46.54,3.15
27.35,23.10,46.37,3.19
27.37,23.03,46.51,3.10
27.19,23.09,46.72,3.00
27.40,22.94,46.54,3.12
27.28,22.94,46.67,3.11
27.10,23.16,46.73,3.01
27.31,22.96,46.64,3.10
27.26,22.88,46.81,3.04
27.35,23.14,46.58,2.93
27.43,22.86,46.47,3.24
27.58,22.94,46.40,3.08
27.26,23.13,46.41,3.20
27.33,23.01,46.56,3.10
27.50,23.17,46.19,3.13
27.31,22.96,46.66,3.06
27.23,22.94,46.87,2.95
27.17,22.87,46.91,3.06
27.22,22.95,46.89,2.93
27.38,23.20,46.43,2.99
27.50,22.99,46.48,3.04
27.27,23.12,46.71,2.89
27.18,23.10,46.58,3.14
27.17,22.85,46.85,3.12
27.31,22.90,46.79,3.00
27.29,22.96,46.91,2.84
27.40,23.07,46.46,3.07
27.37,22.99,46.59,3.05
27.29,23.07,46.51,3.13
27.12,23.00,46.84,3.04
27.24,22.86,46.89,3.01
27.27,22.93,46.86,2.94
27.38,22.75,46.84,3.04
27.27,23.00,46.67,3.06
27.30,22.88,46.66,3.16
27.46,22.90,46.45,3.19
27.34,23.08,46.41,3.17
27.14,22.89,46.70,3.26
27.23,22.84,46.88,3.06
27.18,23.27,46.39,3.16
27.33,22.90,46.67,3.10
27.26,22.96,46.72,3.05
27.14,23.23,46.40,3.23
27.18,23.10,46.68,3.04
27.33,23.02,46.58,3.07
27.33,23.04,46.53,3.10
27.50,22.74,46.57,3.19
27.20,23.04,46.48,3.28
27.39,22.93,46.40,3.27
27.32,23.05,46.60,3.03
26.98,23.10,46.87,3.05
27.06,23.05,46.69,3.20
27.43,23.00,46.39,3.18
27.41,22.87,46.61,3.11
27.24,22.95,46.71,3.09
27.20,23.01,46.73,3.06
27.22,22.73,46.95,3.10
27.22,22.89,46.86,3.03
27.38,23.14,46.18,3.30
27.14,23.05,46.72,3.09
27.45,22.83,46.31,3.41
27.28,22.92,46.44,3.35
27.62,24.16,45.31,2.91
27.50,22.89,46.56,3.05
27.15,23.00,46.80,3.05
27.25,22.94,46.70,3.11
27.32,23.02,46.74,2.92
27.23,23.04,46.78,2.95
27.32,23.12,46.59,2.97
27.13,23.10,46.74,3.03
27.03,23.00,46.97,3.00
27.24,22.79,47.00,2.96
27.35,23.06,46.60,2.99
27.37,23.02,46.65,2.96
27.30,23.21,46.36,3.13
27.21,22.89,47.01,2.89
27.27,23.09,46.52,3.12
27.28,22.89,46.80,3.04
27.36,22.94,46.52,3.18
27.32,23.12,46.35,3.21
27.41,23.10,46.46,3.04
27.60,22.74,46.77,2.90
27.27,23.12,46.52,3.08
27.10,22.94,47.03,2.93
27.26,23.25,46.50,2.99
27.25,23.09,46.58,3.08
27.27,23.07,46.45,3.21
27.28,23.00,46.61,3.11
27.25,23.07,46.56,3.12
27.24,23.00,46.78,2.98
27.40,22.95,46.57,3.08
27.30,22.94,46.44,3.31
27.28,22.92,46.76,3.04
27.17,23.16,46.74,2.93
27.47,23.57,46.07,2.89
27.20,23.07,46.69,3.04
27.30,22.99,46.70,3.01
27.21,23.07,46.68,3.03
27.19,23.13,46.65,3.03
27.39,23.11,46.30,3.20
27.41,23.15,46.38,3.07
27.10,23.22,46.60,3.08
27.37,23.09,46.36,3.17
27.42,22.80,46.50,3.28
27.04,23.12,46.66,3.18
27.42,23.01,46.30,3.26
27.58,23.05,46.03,3.34
27.35,23.11,46.48,3.07
27.19,22.95,46.90,2.96
27.36,22.86,46.74,3.04
27.64,23.18,45.93,3.25
27.27,23.06,46.58,3.09
27.26,22.91,46.64,3.19
27.17,22.95,46.91,2.98
27.43,23.07,46.36,3.14
27.26,22.90,46.81,3.02
27.42,22.96,46.61,3.01
27.59,23.90,45.56,2.96
27.29,23.31,46.53,2.87
27.32,22.93,46.76,3.00
27.31,22.98,46.55,3.16
27.52,22.84,46.60,3.04
26.95,23.00,47.15,2.90
27.30,23.07,46.69,2.93
27.30,23.05,46.51,3.14
27.30,22.93,46.52,3.26
27.37,22.96,46.53,3.14
27.25,23.04,46.54,3.17
27.17,23.16,46.60,3.08
27.19,23.02,46.86,2.93
27.27,22.93,46.63,3.17
27.28,23.21,46.41,3.09
27.37,22.98,46.47,3.18
27.28,23.14,46.57,3.01
27.51,22.97,46.60,2.92
27.42,23.08,46.41,3.09
27.17,23.15,46.71,2.98
27.22,22.96,46.74,3.08
27.36,23.23,46.18,3.24
27.39,22.68,46.80,3.13
27.26,22.79,46.81,3.14
27.36,22.90,46.69,3.04
27.42,23.14,46.32,3.12
27.38,23.15,46.49,2.98
27.42,23.10,46.48,3.00
27.50,22.94,46.62,2.94
27.28,22.93,46.82,2.97
27.26,23.10,46.65,2.99
27.27,23.02,46.66,3.05
27.26,23.11,46.22,3.41
27.33,23.03,46.22,3.41
27.43,23.06,46.43,3.08
27.40,22.93,46.38,3.28
27.17,23.08,46.64,3.11
27.46,22.85,46.66,3.03
27.20,23.19,46.54,3.08
27.19,22.93,47.00,2.88
27.34,22.73,46.90,3.04
27.37,22.99,46.80,2.84
27.28,23.02,46.56,3.14
27.31,22.99,46.63,3.06
27.27,22.84,46.90,2.99
27.31,23.16,46.43,3.10
27.40,23.15,46.21,3.24
27.34,22.97,46.41,3.29
27.27,23.25,46.43,3.05
27.44,23.14,45.95,3.46
27.29,22.97,46.83,2.91
27.30,23.13,46.51,3.05
27.21,23.13,46.67,2.99
27.37,22.99,46.34,3.31
27.39,23.12,45.98,3.51
27.65,23.59,45.64,3.13
27.32,22.96,46.59,3.12
27.26,23.40,46.15,3.19
27.38,23.37,46.01,3.24
27.36,23.24,46.50,2.90
27.38,23.01,46.57,3.04
27.35,23.04,46.37,3.24
27.32,23.14,46.35,3.19
27.31,22.93,46.56,3.19
27.38,22.89,46.65,3.08
27.27,22.89,46.71,3.13
27.11,22.88,47.10,2.91
27.41,23.00,46.47,3.13
27.41,23.06,46.54,2.98
27.42,22.94,46.47,3.18
27.06,23.23,46.63,3.09
27.20,22.79,46.89,3.12
27.22,23.03,46.69,3.06
27.38,22.73,46.69,3.19
27.26,23.11,46.45,3.17
27.27,22.97,46.72,3.04
27.21,23.17,46.42,3.20
27.58,23.05,45.98,3.38
27.18,23.04,46.67,3.11
27.30,23.21,46.38,3.11
27.10,23.22,46.72,2.96
27.27,23.01,46.60,3.11
27.46,22.97,46.34,3.23
27.44,23.12,46.25,3.19
27.49,23.07,46.12,3.31
27.28,23.04,46.61,3.07
27.25,23.11,46.26,3.38
27.22,23.01,46.50,3.27
27.36,23.21,46.25,3.19
27.25,23.18,46.36,3.20
27.24,23.03,46.62,3.10
27.21,23.20,46.46,3.14
27.35,22.90,46.83,2.91
27.27,22.97,46.87,2.89
27.43,22.96,46.65,2.96
27.61,22.86,46.39,3.14
27.48,23.15,46.26,3.11
27.49,23.17,46.48,2.85
27.18,22.87,46.99,2.96
27.29,22.77,46.84,3.09
27.40,22.76,46.85,2.99
27.21,23.28,46.51,3.00
27.33,22.98,46.78,2.91
27.05,22.87,47.08,3.01
27.44,22.78,46.74,3.03
27.24,22.73,47.01,3.02
27.31,22.85,46.74,3.10
27.48,22.72,46.74,3.06
27.24,23.08,46.90,2.79
27.20,23.00,46.78,3.02
27.37,22.89,46.73,3.01
27.47,22.89,46.53,3.11
27.37,23.01,46.53,3.10
27.18,22.91,46.95,2.96
27.30,23.03,46.75,2.92
27.13,23.13,46.70,3.04
27.23,22.91,46.88,2.98
27.25,22.84,46.91,3.00
27.32,22.85,46.79,3.04
27.14,22.82,46.96,3.08
27.21,22.97,46.86,2.96
27.31,22.95,46.79,2.95
27.54,23.31,46.18,2.97
27.16,22.92,46.93,2.98
27.32,23.04,46.57,3.07
27.13,23.18,46.50,3.19
27.12,23.20,46.66,3.01
27.33,22.75,46.76,3.15
27.33,23.00,46.40,3.27
27.32,23.07,46.35,3.25
27.20,23.27,46.48,3.05
27.10,23.16,46.69,3.06
27.25,22.79,47.08,2.88
27.27,22.78,47.03,2.92
27.36,22.66,46.85,3.13
27.29,22.83,46.76,3.12
27.39,22.72,47.03,2.86
27.07,23.12,46.84,2.97
27.30,23.10,46.61,2.99
27.45,22.81,46.48,3.26
27.27,22.65,47.12,2.97
27.10,22.99,46.94,2.96
27.44,22.90,46.57,3.09
27.80,23.92,44.77,3.51
27.21,23.09,46.54,3.17
27.41,22.85,46.68,3.06
27.24,23.17,46.58,3.01
27.17,22.90,46.94,2.99
27.39,23.10,46.46,3.04
27.47,23.13,46.37,3.02
27.33,22.91,46.79,2.98
27.35,22.80,46.91,2.94
27.08,23.05,46.77,3.10
27.37,23.02,46.41,3.19
27.39,22.86,46.68,3.07
27.29,23.02,46.59,3.11
27.28,23.08,46.56,3.08
27.71,23.69,45.55,3.05
27.43,22.75,46.55,3.26
27.18,22.91,46.78,3.13
27.40,22.91,46.64,3.04
27.34,22.92,46.61,3.13
27.38,22.75,46.81,3.05
27.20,23.05,46.91,2.84
27.34,23.01,46.70,2.96
27.16,23.24,46.53,3.07
27.19,22.89,46.89,3.03
27.19,22.91,46.82,3.08
27.27,22.87,46.80,3.06
27.28,23.12,46.51,3.09
27.42,23.05,46.54,2.98
27.35,23.04,46.52,3.09
27.26,23.22,46.45,3.06
27.46,22.80,46.66,3.08
27.35,22.97,46.58,3.10
27.41,23.05,46.36,3.18
27.38,22.81,46.81,2.99
27.45,23.61,45.84,3.09
27.32,23.25,46.52,2.92
27.30,23.14,46.53,3.03
27.22,23.12,46.78,2.88
27.22,23.20,46.28,3.31
27.24,23.21,46.42,3.12
27.23,23.10,46.59,3.08
27.30,22.93,46.81,2.96
27.26,22.87,46.83,3.04
27.25,22.90,46.91,2.93
27.21,22.90,46.79,3.11
27.39,22.88,46.59,3.14
27.28,22.80,46.80,3.12
27.50,23.03,46.24,3.23
27.44,23.11,46.18,3.27
27.01,23.38,46.54,3.08
27.29,23.01,46.55,3.16
27.31,22.98,46.79,2.92
27.18,23.01,46.87,2.94
27.36,22.96,46.68,3.00
27.29,23.01,46.46,3.25
27.24,22.85,46.93,2.99
27.39,23.11,46.39,3.11
27.43,23.03,46.37,3.17
27.45,22.98,46.63,2.94
27.35,23.06,46.57,3.02
27.32,23.10,46.46,3.12
27.35,22.98,46.66,3.00
27.02,23.21,46.70,3.07
27.25,22.93,46.81,3.01
27.43,22.95,46.53,3.10
27.29,23.05,46.52,3.14
27.30,22.96,46.49,3.26
27.20,22.67,46.89,3.23
27.29,22.74,46.66,3.32
27.24,23.02,46.56,3.18
27.11,23.02,46.92,2.95
27.15,22.91,46.95,2.99
27.22,22.93,46.91,2.94
27.27,22.88,46.75,3.11
27.21,22.81,46.89,3.08
27.31,22.84,46.77,3.08
27.12,23.04,46.90,2.94
27.31,22.79,46.85,3.05
27.24,22.95,46.65,3.17
27.20,23.04,46.72,3.04
27.26,23.01,46.75,2.97
27.40,23.03,46.60,2.98
27.31,22.88,46.72,3.09
27.25,22.97,46.91,2.87
27.45,22.91,46.52,3.11
27.41,22.86,46.77,2.96
27.32,22.83,46.94,2.91
27.18,23.04,46.79,2.99
27.16,22.97,46.74,3.12
27.30,22.79,46.89,3.01
27.12,23.00,46.92,2.97
27.31,22.81,46.84,3.05
27.30,22.79,47.03,2.88
27.26,22.94,46.82,2.98
27.07,23.20,46.71,3.02
27.36,22.93,46.59,3.12
27.14,22.95,47.04,2.88
27.34,22.86,46.71,3.09
27.12,23.04,46.93,2.91
27.36,23.13,46.45,3.07
27.41,22.98,46.64,2.98
27.14,22.89,47.01,2.96
27.17,22.96,46.90,2.97
27.22,23.31,46.44,3.03
27.40,22.98,46.67,2.95
27.20,23.11,46.76,2.93
27.21,23.05,46.78,2.97
26.99,22.99,46.99,3.02
27.09,23.01,46.98,2.92
27.33,22.98,46.62,3.07
27.15,22.88,47.09,2.88
27.15,23.16,46.81,2.88
27.21,22.78,46.98,3.03
27.30,22.92,46.89,2.89
27.24,22.94,46.87,2.94
27.23,22.96,46.85,2.95
27.16,23.00,46.87,2.98
27.14,22.80,47.16,2.90
27.11,23.08,46.82,2.99
27.21,22.91,46.93,2.95
27.35,22.91,46.54,3.20
27.26,22.99,46.71,3.04
27.08,22.83,46.98,3.10
27.30,22.83,46.81,3.06
27.30,23.10,46.39,3.21
27.38,23.00,46.45,3.17
27.28,22.85,46.82,3.05
27.37,22.78,46.57,3.28
27.11,22.93,46.83,3.12
27.37,22.86,46.85,2.92
27.39,22.74,46.94,2.92
27.20,22.98,46.81,3.00
27.38,23.08,46.53,3.01
27.13,23.10,46.72,3.05
27.29,22.98,46.68,3.04
27.17,23.06,46.85,2.92
27.36,22.82,46.95,2.87
27.13,23.37,46.57,2.93
27.29,22.76,47.01,2.95
27.28,22.99,46.84,2.88
27.37,22.66,47.00,2.97
27.16,23.00,46.88,2.96
27.21,23.15,46.67,2.97
27.17,22.97,46.83,3.03
27.37,23.18,46.28,3.17
27.25,23.04,46.66,3.04
27.25,22.90,46.80,3.05
27.38,22.85,46.72,3.05
27.22,23.13,46.69,2.95
27.37,22.64,47.15,2.85
27.23,23.11,46.73,2.93
27.30,22.73,47.06,2.91
27.09,23.01,46.84,3.06
27.15,23.03,46.85,2.97
27.11,22.89,47.03,2.97
27.48,22.86,46.67,2.98
27.35,22.85,46.78,3.02
27.15,22.87,46.91,3.08
27.32,22.87,46.64,3.18
27.30,22.77,46.89,3.04
27.32,22.81,46.71,3.16
27.37,22.81,46.66,3.16
27.39,22.88,46.56,3.17
27.22,22.74,46.88,3.16
27.45,22.81,46.91,2.83
27.40,23.27,46.12,3.21
27.13,23.12,46.63,3.12
27.35,22.91,46.63,3.11
27.17,22.94,46.82,3.07
27.37,23.48,46.01,3.13
27.45,22.88,46.82,2.86
27.36,23.19,46.29,3.16
27.30,23.17,46.41,3.12
27.39,22.93,46.41,3.28
27.34,23.08,46.53,3.05
27.45,22.81,46.57,3.17
27.10,22.98,46.98,2.94
27.46,22.94,46.68,2.93
27.29,23.12,46.67,2.92
27.33,22.77,46.82,3.08
27.12,23.10,46.78,2.99
27.28,22.74,46.96,3.03
27.30,22.85,46.84,3.00
27.26,22.96,46.49,3.29
27.27,22.99,46.75,2.99
27.29,23.20,46.51,3.00
27.26,22.73,47.12,2.88
27.31,22.92,46.86,2.92
27.32,22.86,46.64,3.18
27.23,22.89,46.84,3.04
27.14,23.08,46.75,3.03
27.18,23.15,46.57,3.10
27.12,22.89,47.14,2.85
27.34,22.88,46.55,3.23
27.30,22.92,46.71,3.08
27.32,22.88,46.97,2.82
27.36,23.01,46.65,2.98
27.33,23.32,46.46,2.90
27.17,23.03,46.83,2.98
27.19,22.89,46.76,3.15
27.25,23.23,46.33,3.18
27.28,22.92,46.67,3.13
27.20,22.89,46.88,3.03
27.39,23.02,46.45,3.14
27.16,22.93,46.94,2.97
27.30,22.74,46.88,3.09
27.11,23.16,46.58,3.14
27.18,23.07,46.47,3.28
27.23,23.14,46.63,3.00
27.35,22.82,46.72,3.10
27.48,22.89,46.63,3.00
27.16,23.04,46.75,3.04
27.30,22.91,46.67,3.12
27.23,22.95,46.85,2.98
27.18,22.91,46.68,3.22
27.32,22.98,46.68,3.02
27.23,22.89,46.95,2.93
27.42,22.87,46.69,3.02
27.24,22.94,46.90,2.93
27.34,22.95,46.65,3.05
27.36,22.78,46.69,3.17
27.23,23.00,46.90,2.87
27.34,23.15,46.55,2.96
27.35,23.13,46.71,2.81
27.23,23.17,46.65,2.95
27.30,23.06,46.50,3.13
27.39,22.97,46.47,3.17
27.46,22.99,46.23,3.33
27.24,23.31,46.02,3.43
27.13,22.72,46.95,3.20
27.53,22.82,46.47,3.18
27.32,22.91,46.64,3.13
27.11,22.97,46.95,2.97
27.29,22.95,46.81,2.95
27.19,22.86,46.91,3.04
27.36,22.88,46.79,2.97
27.20,23.21,46.39,3.20
27.47,23.04,46.16,3.33
27.12,22.97,46.87,3.04
27.21,22.91,46.90,2.98
27.39,22.93,46.47,3.21
27.26,23.06,46.77,2.91
27.25,22.95,46.68,3.13
27.48,22.92,46.52,3.08
27.26,23.06,46.59,3.09
27.22,23.05,46.63,3.09
27.51,23.35,46.09,3.04
27.36,22.90,46.63,3.11
27.35,22.83,46.63,3.20
27.28,23.07,46.43,3.22
27.14,22.89,46.99,2.98
27.30,22.99,46.70,3.02
27.38,22.88,46.73,3.01
27.14,23.04,46.78,3.04
27.28,23.03,46.52,3.17
27.48,22.90,46.49,3.13
27.36,22.96,46.60,3.08
27.11,23.00,46.84,3.05
27.34,22.88,46.70,3.08
27.64,23.41,45.68,3.27
27.17,22.95,46.77,3.12
27.25,22.91,46.62,3.22
27.51,22.78,46.65,3.07
27.17,23.22,46.66,2.96
27.42,23.17,46.33,3.08
27.30,23.18,46.44,3.09
27.20,22.86,46.93,3.02
27.39,22.63,46.80,3.18
27.22,23.01,46.63,3.14
27.37,22.94,46.51,3.18
27.15,22.92,46.95,2.98
27.16,22.95,47.09,2.80
27.50,22.91,46.55,3.04
27.20,22.87,46.93,3.00
27.18,22.81,47.03,2.98
27.12,22.82,46.85,3.20
27.22,22.77,47.03,2.98
27.09,22.80,46.98,3.13
27.34,22.69,46.74,3.23
27.31,22.96,46.75,2.98
27.31,22.89,46.74,3.06
27.37,22.77,46.78,3.07
27.30,22.90,46.64,3.16
27.20,23.49,46.28,3.03
27.27,23.21,46.52,2.99
27.47,22.77,46.64,3.12
27.44,22.98,46.62,2.95
27.09,23.03,46.94,2.93
27.30,22.91,46.89,2.91
27.21,22.93,47.04,2.82
27.37,22.80,46.97,2.86
27.27,22.86,46.94,2.93
27.27,22.84,46.95,2.95
27.19,23.12,46.76,2.94
27.28,23.04,46.56,3.12
27.19,23.00,46.91,2.90
27.09,23.07,46.75,3.09
27.38,22.91,46.67,3.04
27.30,23.07,46.59,3.04
27.50,23.00,46.52,2.97
27.42,23.23,46.28,3.07
27.26,23.06,46.65,3.03
27.46,22.83,46.75,2.97
27.42,22.97,46.65,2.95
27.31,23.20,46.43,3.06
27.37,23.31,46.25,3.07
27.28,22.83,46.82,3.07
27.38,22.99,46.65,2.98
27.16,22.87,47.13,2.84
27.26,22.86,46.89,2.98
